# Blender v2.90.1 OBJ File: 'besane_oar.blend'
# www.blender.org
mtllib besane_oar.mtl
o oar_oar.001
v -1.270048 0.051387 0.026375
v -1.263795 -0.051264 0.023710
v -1.267087 -0.049661 0.020270
v -0.916878 0.053333 0.005450
v -0.915460 0.048449 0.008335
v -0.915882 0.051989 0.008066
v -0.916180 0.051796 0.001201
v -0.916922 -0.051583 0.005460
v -0.915641 -0.050234 0.008069
v -0.916010 -0.046573 -0.001528
v -0.916595 -0.050073 0.001255
v -0.862540 0.017299 -0.000425
v -0.864321 0.025534 -0.004582
v -0.915218 -0.046572 0.008335
v -0.863416 -0.023431 -0.004858
v -0.909364 -0.046827 -0.000750
v -0.869609 -0.021315 -0.009178
v -0.872811 0.023894 -0.008968
v -0.914290 0.047770 -0.001718
v -0.871922 0.028728 -0.006703
v -1.270135 -0.048844 0.026462
v -1.277235 -0.022056 0.026192
v -1.286320 0.011095 0.018086
v -1.278088 0.021942 0.026003
v -1.287918 -0.000806 0.023846
v -1.266447 0.047974 0.028069
v -1.267383 0.048295 0.018311
v -1.278111 0.023565 0.016283
v -1.279232 -0.020570 0.016350
v -0.970214 -0.051536 0.006319
v -0.959690 -0.049891 0.009270
v -1.026730 -0.046147 0.011615
v -1.024178 -0.049909 0.011083
v -1.039449 -0.051491 0.008617
v -1.066210 -0.046297 0.013448
v -1.122451 -0.046095 0.017137
v -1.094959 -0.049857 0.014624
v -1.128286 -0.051378 0.013996
v -1.184301 -0.045792 0.022152
v -1.167034 -0.049757 0.020150
v -1.266405 -0.045745 0.028085
v -1.265724 -0.049556 0.027163
v -1.266251 -0.045805 0.018186
v -1.170782 -0.049721 0.013332
v -1.113191 -0.045944 0.006582
v -1.117820 -0.049822 0.009220
v -1.026920 -0.046019 0.001676
v -1.038988 -0.049869 0.004482
v -0.950998 -0.046121 -0.000271
v -0.982208 -0.049940 0.002656
v -1.265452 0.052013 0.027131
v -1.263750 0.053678 0.023727
v -1.166026 0.051990 0.020066
v -1.126573 0.053543 0.013874
v -1.115476 0.051953 0.016106
v -1.026230 0.048164 0.011612
v -1.040619 0.053480 0.008682
v -1.035287 0.051903 0.011463
v -0.967985 0.047953 0.009927
v -0.966784 0.053409 0.006222
v -0.945808 0.047901 0.009554
v -0.959593 0.051732 0.009270
v -0.980582 0.047652 0.000187
v -0.976528 0.051849 0.002542
v -1.033185 0.047936 0.001873
v -1.065154 0.047737 0.003315
v -1.042538 0.051886 0.004702
v -1.112476 0.047971 0.006472
v -1.118413 0.051969 0.009275
v -1.174512 0.047915 0.011410
v -1.166264 0.051976 0.013019
v -1.265718 0.052082 0.020152
v -1.281884 0.001474 0.025392
v -1.165755 0.002677 0.013633
v -1.093337 0.001041 0.007599
v -1.057768 0.000927 -0.004751
v -1.162228 0.001194 0.003331
v -1.243082 0.021464 0.023100
v -1.108087 0.015705 0.010016
v -1.053036 0.023404 0.007266
v -0.970586 0.012520 0.002397
v -1.000014 0.023010 0.004799
v -0.947094 0.023853 0.004135
v -0.896879 0.015987 0.001435
v -0.909694 0.023782 -0.006582
v -0.947091 0.023853 -0.005770
v -0.998732 0.008718 -0.007346
v -0.999472 0.023594 -0.005016
v -1.044940 0.020347 -0.003631
v -1.093276 0.017394 -0.000815
v -1.173629 0.016009 0.005897
v -1.241928 0.020380 0.013060
v -0.947135 -0.022035 -0.005770
v -0.930655 -0.010627 -0.007983
v -0.999158 -0.021636 -0.005031
v -0.968354 -0.008271 -0.007872
v -1.053623 -0.021621 -0.002559
v -1.108234 -0.013541 0.000112
v -1.225404 -0.024201 0.012343
v -1.179789 -0.010733 0.006130
v -1.280580 -0.001449 0.015300
v -1.183514 -0.045260 0.011944
v -1.111035 -0.038704 0.004737
v -1.066069 -0.045701 0.003369
v -1.010617 -0.036717 -0.001257
v -0.911833 -0.021202 -0.006696
v -0.944770 0.048106 -0.000305
v -1.199993 0.039597 0.011990
v -1.014962 0.040332 0.009207
v -1.066710 0.048366 0.013479
v -1.118976 0.048270 0.016870
v -1.185215 0.047990 0.022081
v -1.246772 -0.019368 0.023502
v -1.175502 -0.014722 0.016134
v -1.093662 -0.015342 0.009126
v -1.047236 -0.017210 0.006202
v -0.998508 -0.021219 0.004779
v -0.998552 -0.008435 0.002789
v -0.947138 -0.022035 0.004135
v -0.912604 -0.022054 0.003416
v -0.953591 -0.046044 0.009664
v -1.011910 -0.036998 0.008749
v -1.205370 -0.036534 0.022231
v 0.512728 -0.014678 0.002339
v 0.512783 -0.009905 0.011093
v 0.512726 -0.001545 0.014449
v 0.512768 0.006915 0.012947
v 0.512759 0.013415 0.005813
v 0.512757 0.014447 -0.003080
v 0.512817 0.009044 -0.011996
v 0.512769 -0.000472 -0.014967
v 0.512723 -0.007250 -0.013008
v 0.512770 -0.013234 -0.007203
v -0.769057 -0.017410 -0.000587
v -0.769058 -0.017056 0.003005
v -0.769058 -0.016009 0.006458
v -0.769058 -0.014307 0.009641
v -0.769056 -0.012018 0.012431
v -0.769055 -0.009228 0.014721
v -0.769052 -0.006045 0.016422
v -0.769049 -0.002592 0.017470
v -0.769046 0.001000 0.017823
v -0.769042 0.004592 0.017470
v -0.769039 0.008045 0.016422
v -0.769035 0.011228 0.014721
v -0.769032 0.014018 0.012431
v -0.769028 0.016307 0.009641
v -0.769026 0.018009 0.006458
v -0.769024 0.019056 0.003005
v -0.769022 0.019410 -0.000587
v -0.769021 0.019056 -0.004178
v -0.769021 0.018009 -0.007632
v -0.769021 0.016307 -0.010815
v -0.769023 0.014018 -0.013605
v -0.769025 0.011228 -0.015894
v -0.769027 0.008045 -0.017596
v -0.769030 0.004592 -0.018643
v -0.769033 0.001000 -0.018997
v -0.769037 -0.002592 -0.018643
v -0.769040 -0.006045 -0.017596
v -0.769044 -0.009228 -0.015894
v -0.769047 -0.012018 -0.013605
v -0.769051 -0.014307 -0.010815
v -0.769053 -0.016009 -0.007632
v -0.769056 -0.017056 -0.004178
v -0.850469 -0.015232 0.002629
v -0.850469 -0.014286 0.005749
v -0.928891 -0.011758 0.004706
v -0.850468 -0.012749 0.008624
v -0.929835 -0.009723 0.008176
v -0.996137 -0.006999 0.005839
v -0.850467 -0.010681 0.011144
v -0.850465 -0.008161 0.013212
v -0.929832 -0.005520 0.011666
v -0.996774 -0.003833 0.008477
v -0.850463 -0.005286 0.014749
v -1.043435 0.000520 0.005436
v -0.850461 -0.002167 0.015695
v -0.929828 -0.000302 0.013283
v -0.996284 0.000102 0.009746
v -0.850458 0.001078 0.016015
v -0.850454 0.004322 0.015695
v -0.929822 0.005138 0.012780
v -0.996280 0.004171 0.009380
v -0.850451 0.007441 0.014749
v -1.044472 0.004251 0.004451
v -0.850448 0.010316 0.013212
v -0.928873 0.008916 0.010977
v -0.996401 0.008590 0.006867
v -0.850445 0.012836 0.011144
v -0.929814 0.011924 0.008304
v -0.850442 0.014904 0.008624
v -0.850439 0.016441 0.005749
v -0.928866 0.014063 0.004705
v -0.998436 0.010867 0.002855
v -0.850437 0.017387 0.002629
v -0.858317 0.017466 -0.001128
v -0.854224 0.017270 -0.003883
v -0.853231 0.016359 -0.006973
v -0.850437 0.012836 -0.012374
v -0.928864 0.011033 -0.010523
v -0.850438 0.010316 -0.014442
v -0.928865 0.008916 -0.012261
v -0.850441 0.007441 -0.015979
v -0.928867 0.006500 -0.013553
v -0.850443 0.004322 -0.016925
v -0.929096 0.002306 -0.014621
v -0.850446 0.001077 -0.017245
v -0.850449 -0.002167 -0.016925
v -0.927788 -0.003108 -0.014050
v -0.850453 -0.005286 -0.015979
v -0.850456 -0.008161 -0.014442
v -0.928880 -0.006612 -0.012261
v -0.850459 -0.010681 -0.012374
v -0.928883 -0.008729 -0.010523
v -0.856053 -0.012169 -0.010423
v -0.852636 -0.014223 -0.006951
v -0.852940 -0.015220 -0.003505
v -0.861251 -0.015221 -0.000617
v -1.028684 0.007280 0.003725
v -0.931252 0.014711 0.002277
v -1.034166 0.004448 -0.006128
v -0.970630 0.010593 -0.007758
v -0.930941 0.012952 -0.007909
v -0.857338 0.014271 -0.010424
v -0.893997 0.013841 -0.008857
v -1.044725 -0.002012 0.004382
v -0.931608 -0.012410 0.002203
v -0.970081 -0.010190 0.002322
v -0.898838 -0.013666 0.001422
v -1.028251 -0.002926 -0.006477
v -0.894801 -0.011552 -0.008880
v -0.999722 -0.006093 -0.007422
v 0.373321 -0.019203 -0.000233
v 0.373320 -0.018834 0.003519
v 0.373320 -0.017740 0.007126
v 0.373321 -0.015962 0.010451
v 0.373322 -0.013571 0.013366
v 0.373324 -0.010656 0.015757
v 0.373326 -0.007331 0.017535
v 0.373329 -0.003723 0.018629
v 0.373333 0.000029 0.018999
v 0.373337 0.003781 0.018629
v 0.373340 0.007388 0.017535
v 0.373344 0.010713 0.015757
v 0.373348 0.013628 0.013366
v 0.373351 0.016019 0.010451
v 0.373354 0.017797 0.007126
v 0.373356 0.018891 0.003519
v 0.373358 0.019261 -0.000233
v 0.373359 0.018891 -0.003985
v 0.373359 0.017797 -0.007593
v 0.373358 0.016019 -0.010918
v 0.373357 0.013628 -0.013833
v 0.373355 0.010713 -0.016224
v 0.373353 0.007388 -0.018002
v 0.373350 0.003781 -0.019096
v 0.373346 0.000029 -0.019466
v 0.373343 -0.003723 -0.019096
v 0.373339 -0.007331 -0.018002
v 0.373335 -0.010656 -0.016224
v 0.373331 -0.013571 -0.013833
v 0.373328 -0.015962 -0.010918
v 0.373325 -0.017740 -0.007593
v 0.373323 -0.018834 -0.003985
v 0.393156 -0.014555 0.003914
v 0.393157 -0.011862 0.009173
v 0.393170 -0.008367 0.012310
v 0.393162 -0.004639 0.014184
v 0.393177 0.000010 0.014851
v 0.393171 0.004150 0.014338
v 0.393186 0.008386 0.012310
v 0.393179 0.011544 0.009583
v 0.393184 0.014421 0.004422
v 0.393197 0.015087 -0.000227
v 0.393187 0.014421 -0.004876
v 0.393197 0.012546 -0.008603
v 0.393185 0.009409 -0.012098
v 0.393193 0.005780 -0.014156
v 0.393178 0.001229 -0.015320
v 0.393172 -0.004639 -0.014637
v 0.393179 -0.008367 -0.012763
v 0.393164 -0.011862 -0.009626
v 0.393171 -0.013920 -0.005996
v 0.393158 -0.015037 -0.001709
v 0.486730 -0.019451 0.002057
v 0.486743 -0.018020 0.007237
v 0.486610 -0.014944 0.012422
v 0.486747 -0.010868 0.015952
v 0.486900 -0.005450 0.018562
v 0.486624 0.002152 0.019174
v 0.486763 0.007352 0.017746
v 0.486757 0.012555 0.014662
v 0.486642 0.017265 0.008711
v 0.486779 0.018966 0.003594
v 0.486768 0.019299 -0.002103
v 0.486782 0.017861 -0.007625
v 0.486768 0.015211 -0.012300
v 0.486765 0.009414 -0.017230
v 0.486773 0.003709 -0.019239
v 0.486634 -0.001669 -0.019626
v 0.486747 -0.008970 -0.017552
v 0.486754 -0.013810 -0.013925
v 0.486818 -0.017145 -0.009643
v 0.486746 -0.019125 -0.003982
v 0.026709 -0.018230 0.003344
v 0.026708 -0.017151 0.006899
v 0.026709 -0.015400 0.010176
v 0.026710 -0.013043 0.013048
v 0.026712 -0.010171 0.015405
v 0.026715 -0.006894 0.017157
v 0.026718 -0.003339 0.018235
v 0.026721 0.000359 0.018599
v 0.026725 0.004056 0.018235
v 0.026728 0.007612 0.017157
v 0.026732 0.010888 0.015405
v 0.026736 0.013760 0.013048
v 0.026739 0.016117 0.010176
v 0.026742 0.017869 0.006899
v 0.026744 0.018947 0.003344
v 0.026746 0.019311 -0.000354
v 0.026746 0.018947 -0.004051
v 0.026747 0.017869 -0.007606
v 0.026746 0.016117 -0.010883
v 0.026745 0.013760 -0.013755
v 0.026743 0.010888 -0.016112
v 0.026740 0.007612 -0.017864
v 0.026738 0.004056 -0.018942
v 0.026734 0.000359 -0.019306
v 0.026730 -0.003339 -0.018942
v 0.026727 -0.006894 -0.017864
v 0.026723 -0.010171 -0.016112
v 0.026719 -0.013043 -0.013755
v 0.026716 -0.015400 -0.010883
v 0.026713 -0.017151 -0.007606
v 0.026711 -0.018230 -0.004051
v 0.026710 -0.018594 -0.000354
v -0.107673 -0.018187 0.003332
v -0.107673 -0.017110 0.006883
v -0.107673 -0.015360 0.010157
v -0.107671 -0.013006 0.013026
v -0.107669 -0.010137 0.015380
v -0.107667 -0.006864 0.017130
v -0.107664 -0.003312 0.018207
v -0.107660 0.000382 0.018571
v -0.107657 0.004076 0.018207
v -0.107653 0.007627 0.017130
v -0.107649 0.010901 0.015380
v -0.107646 0.013770 0.013026
v -0.107643 0.016124 0.010157
v -0.107640 0.017874 0.006883
v -0.107637 0.018951 0.003332
v -0.107636 0.019315 -0.000362
v -0.107635 0.018951 -0.004056
v -0.107635 0.017874 -0.007607
v -0.107635 0.016124 -0.010881
v -0.107636 0.013770 -0.013750
v -0.107638 0.010901 -0.016104
v -0.107641 0.007627 -0.017854
v -0.107644 0.004076 -0.018931
v -0.107647 0.000382 -0.019295
v -0.107651 -0.003312 -0.018931
v -0.107655 -0.006864 -0.017854
v -0.107658 -0.010137 -0.016104
v -0.107662 -0.013006 -0.013750
v -0.107665 -0.015360 -0.010881
v -0.107668 -0.017110 -0.007607
v -0.107670 -0.018187 -0.004056
v -0.107672 -0.018551 -0.000362
v -0.107472 -0.020243 -0.000362
v -0.107473 -0.019846 0.003662
v -0.107473 -0.018673 0.007531
v -0.107473 -0.016767 0.011096
v -0.107471 -0.014202 0.014222
v -0.107469 -0.011077 0.016786
v -0.107466 -0.007511 0.018692
v -0.107462 -0.003642 0.019866
v -0.107458 0.000381 0.020262
v -0.107454 0.004405 0.019866
v -0.107449 0.008273 0.018692
v -0.107445 0.011839 0.016786
v -0.107440 0.014964 0.014222
v -0.107436 0.017529 0.011096
v -0.107433 0.019435 0.007531
v -0.107430 0.020609 0.003662
v -0.107428 0.021005 -0.000362
v -0.107427 0.020609 -0.004385
v -0.107427 0.019435 -0.008254
v -0.107428 0.017529 -0.011820
v -0.107429 0.014964 -0.014945
v -0.107431 0.011839 -0.017510
v -0.107434 0.008273 -0.019416
v -0.107438 0.004405 -0.020589
v -0.107442 0.000381 -0.020985
v -0.107447 -0.003642 -0.020589
v -0.107451 -0.007511 -0.019416
v -0.107456 -0.011077 -0.017510
v -0.107460 -0.014202 -0.014945
v -0.107464 -0.016767 -0.011820
v -0.107467 -0.018673 -0.008254
v -0.107470 -0.019846 -0.004385
v 0.512761 -0.000113 -0.000185
v -0.383365 -0.017622 0.003168
v -0.383366 -0.016559 0.006671
v -0.383365 -0.014834 0.009899
v -0.383364 -0.012512 0.012728
v -0.383362 -0.009682 0.015050
v -0.383360 -0.006454 0.016776
v -0.383357 -0.002952 0.017838
v -0.383353 0.000691 0.018197
v -0.383350 0.004334 0.017838
v -0.383346 0.007836 0.016776
v -0.383342 0.011064 0.015050
v -0.383339 0.013894 0.012728
v -0.383336 0.016216 0.009899
v -0.383333 0.017941 0.006671
v -0.383331 0.019004 0.003168
v -0.383329 0.019363 -0.000474
v -0.383328 0.019004 -0.004117
v -0.383328 0.017941 -0.007620
v -0.383328 0.016216 -0.010848
v -0.383330 0.013894 -0.013677
v -0.383331 0.011064 -0.015999
v -0.383334 0.007836 -0.017725
v -0.383337 0.004334 -0.018787
v -0.383340 0.000691 -0.019146
v -0.383344 -0.002952 -0.018787
v -0.383348 -0.006454 -0.017725
v -0.383351 -0.009682 -0.015999
v -0.383355 -0.012512 -0.013677
v -0.383358 -0.014834 -0.010848
v -0.383361 -0.016559 -0.007620
v -0.383363 -0.017622 -0.004117
v -0.383364 -0.017981 -0.000474
v 0.012514 -0.021350 -0.000358
v 0.012513 -0.020932 0.003880
v 0.012512 -0.019696 0.007954
v 0.012513 -0.017689 0.011709
v 0.012515 -0.014988 0.015001
v 0.012517 -0.011696 0.017702
v 0.012520 -0.007941 0.019709
v 0.012524 -0.003867 0.020945
v 0.012528 0.000371 0.021363
v 0.012533 0.004608 0.020945
v 0.012538 0.008683 0.019709
v 0.012543 0.012438 0.017702
v 0.012547 0.015730 0.015001
v 0.012551 0.018431 0.011709
v 0.012555 0.020438 0.007954
v 0.012558 0.021674 0.003880
v 0.012560 0.022091 -0.000358
v 0.012561 0.021674 -0.004595
v 0.012561 0.020438 -0.008670
v 0.012561 0.018431 -0.012425
v 0.012559 0.015730 -0.015717
v 0.012557 0.012438 -0.018418
v 0.012553 0.008683 -0.020425
v 0.012549 0.004608 -0.021661
v 0.012545 0.000371 -0.022078
v 0.012540 -0.003867 -0.021661
v 0.012536 -0.007941 -0.020425
v 0.012531 -0.011696 -0.018418
v 0.012526 -0.014988 -0.015717
v 0.012522 -0.017689 -0.012425
v 0.012519 -0.019696 -0.008670
v 0.012516 -0.020932 -0.004595
v 0.012514 -0.028589 -0.000358
v 0.026501 -0.028618 -0.000353
v 0.026500 -0.028061 0.005300
v 0.026499 -0.026412 0.010735
v 0.026500 -0.023735 0.015745
v 0.026502 -0.020131 0.020136
v 0.026504 -0.015740 0.023739
v 0.026507 -0.010731 0.026417
v 0.026511 -0.005295 0.028066
v 0.026515 0.000358 0.028622
v 0.026520 0.006011 0.028066
v 0.026525 0.011446 0.026417
v 0.026530 0.016456 0.023739
v 0.026534 0.020847 0.020136
v 0.026538 0.024450 0.015745
v 0.026542 0.027128 0.010735
v 0.026545 0.028777 0.005300
v 0.026547 0.029333 -0.000353
v 0.026548 0.028777 -0.006006
v 0.026548 0.027128 -0.011442
v 0.026548 0.024450 -0.016451
v 0.026546 0.020847 -0.020842
v 0.026544 0.016456 -0.024446
v 0.026540 0.011446 -0.027123
v 0.026536 0.006011 -0.028772
v 0.026532 0.000358 -0.029329
v 0.026527 -0.005295 -0.028772
v 0.026523 -0.010731 -0.027123
v 0.026518 -0.015740 -0.024446
v 0.026513 -0.020131 -0.020842
v 0.026509 -0.023735 -0.016451
v 0.026506 -0.026412 -0.011442
v 0.026503 -0.028061 -0.006006
v 0.012513 -0.028033 0.005292
v 0.012512 -0.026385 0.010725
v 0.012513 -0.023708 0.015732
v 0.012515 -0.020107 0.020120
v 0.012517 -0.015718 0.023722
v 0.012520 -0.010711 0.026398
v 0.012524 -0.005279 0.028046
v 0.012528 0.000371 0.028602
v 0.012533 0.006021 0.028046
v 0.012538 0.011454 0.026398
v 0.012543 0.016461 0.023722
v 0.012547 0.020850 0.020120
v 0.012551 0.024451 0.015732
v 0.012555 0.027128 0.010725
v 0.012558 0.028776 0.005292
v 0.012560 0.029332 -0.000358
v 0.012561 0.028776 -0.006008
v 0.012561 0.027128 -0.011441
v 0.012561 0.024451 -0.016448
v 0.012559 0.020850 -0.020836
v 0.012557 0.016461 -0.024438
v 0.012553 0.011454 -0.027114
v 0.012549 0.006021 -0.028762
v 0.012545 0.000371 -0.029319
v 0.012540 -0.005279 -0.028762
v 0.012536 -0.010711 -0.027114
v 0.012531 -0.015718 -0.024438
v 0.012526 -0.020107 -0.020836
v 0.012522 -0.023708 -0.016448
v 0.012519 -0.026385 -0.011441
v 0.012516 -0.028033 -0.006008
v -0.097276 -0.020913 0.003874
v -0.097276 -0.019677 0.007947
v -0.097275 -0.017671 0.011700
v -0.097273 -0.014971 0.014990
v -0.097271 -0.011681 0.017690
v -0.097268 -0.007928 0.019696
v -0.097264 -0.003855 0.020932
v -0.097260 0.000380 0.021349
v -0.097255 0.004616 0.020932
v -0.097250 0.008688 0.019696
v -0.097246 0.012442 0.017690
v -0.097241 0.015732 0.014990
v -0.097237 0.018432 0.011700
v -0.097233 0.020438 0.007947
v -0.097230 0.021673 0.003874
v -0.097228 0.022090 -0.000361
v -0.097227 0.021673 -0.004597
v -0.097227 0.020438 -0.008669
v -0.097228 0.018432 -0.012423
v -0.097229 0.015732 -0.015713
v -0.097232 0.012442 -0.018413
v -0.097235 0.008688 -0.020419
v -0.097239 0.004616 -0.021654
v -0.097243 0.000380 -0.022072
v -0.097248 -0.003855 -0.021654
v -0.097252 -0.007928 -0.020419
v -0.097257 -0.011681 -0.018413
v -0.097262 -0.014971 -0.015713
v -0.097266 -0.017671 -0.012423
v -0.097269 -0.019677 -0.008669
v -0.097272 -0.020913 -0.004597
v -0.097274 -0.021330 -0.000361
v -0.005378 -0.008874 -0.024869
v -0.002490 -0.009866 -0.027596
v 0.003342 -0.009866 -0.027596
v 0.006229 -0.008874 -0.024869
v -0.002490 -0.014995 -0.025136
v -0.005378 -0.013490 -0.022655
v 0.006229 -0.013490 -0.022655
v 0.003342 -0.014995 -0.025136
v -0.002490 -0.019546 -0.021722
v -0.005378 -0.017585 -0.019583
v 0.006229 -0.017585 -0.019583
v 0.003342 -0.019546 -0.021722
v -0.002490 -0.023343 -0.017487
v -0.005378 -0.021003 -0.015771
v 0.006229 -0.021003 -0.015771
v 0.003342 -0.023343 -0.017487
v -0.002490 -0.026241 -0.012591
v -0.005378 -0.023611 -0.011365
v 0.006229 -0.023611 -0.011365
v 0.003342 -0.026241 -0.012591
v -0.002490 -0.028128 -0.007225
v -0.005378 -0.025309 -0.006535
v 0.006229 -0.025309 -0.006535
v 0.003342 -0.028128 -0.007225
v -0.002490 -0.028932 -0.001594
v -0.005378 -0.026033 -0.001467
v 0.006229 -0.026033 -0.001467
v 0.003342 -0.028932 -0.001594
v -0.002490 -0.028622 0.004086
v -0.005378 -0.025754 0.003645
v 0.006229 -0.025754 0.003645
v 0.003342 -0.028622 0.004086
v -0.002490 -0.027210 0.009597
v -0.005378 -0.024483 0.008604
v 0.006229 -0.024483 0.008604
v 0.003342 -0.027210 0.009597
v -0.002490 -0.024749 0.014726
v -0.005378 -0.022269 0.013220
v 0.006229 -0.022269 0.013220
v 0.003342 -0.024749 0.014726
v -0.002490 -0.021336 0.019276
v -0.005378 -0.019197 0.017316
v 0.006229 -0.019197 0.017316
v 0.003342 -0.021336 0.019276
v -0.002490 -0.017100 0.023073
v -0.005378 -0.015384 0.020733
v 0.006229 -0.015384 0.020733
v 0.003342 -0.017100 0.023073
v -0.002490 -0.012205 0.025971
v -0.005378 -0.010979 0.023341
v 0.006229 -0.010979 0.023341
v 0.003342 -0.012205 0.025971
v -0.002490 -0.006839 0.027858
v -0.005378 -0.006149 0.025040
v 0.006229 -0.006149 0.025040
v 0.003342 -0.006839 0.027858
v -0.002490 -0.001207 0.028662
v -0.005378 -0.001081 0.025763
v 0.006229 -0.001081 0.025763
v 0.003342 -0.001207 0.028662
v -0.002490 0.004473 0.028352
v -0.005378 0.004031 0.025484
v 0.006229 0.004031 0.025484
v 0.003342 0.004473 0.028352
v -0.002490 0.009983 0.026940
v -0.005378 0.008991 0.024213
v 0.006229 0.008991 0.024213
v 0.003342 0.009983 0.026940
v -0.002490 0.015112 0.024480
v -0.005378 0.013607 0.021999
v 0.006229 0.013607 0.021999
v 0.003342 0.015112 0.024480
v -0.002490 0.019663 0.021066
v -0.005378 0.017702 0.018927
v 0.006229 0.017702 0.018927
v 0.003342 0.019663 0.021066
v -0.002490 0.023460 0.016831
v -0.005378 0.021120 0.015115
v 0.006229 0.021120 0.015115
v 0.003342 0.023460 0.016831
v -0.002490 0.026358 0.011936
v -0.005378 0.023728 0.010709
v 0.006229 0.023728 0.010709
v 0.003342 0.026358 0.011936
v -0.002490 0.028245 0.006569
v -0.005378 0.025426 0.005879
v 0.006229 0.025426 0.005879
v 0.003342 0.028245 0.006569
v -0.002490 0.029049 0.000938
v -0.005378 0.026150 0.000811
v 0.006229 0.026150 0.000811
v 0.003342 0.029049 0.000938
v -0.002490 0.028739 -0.004742
v -0.005378 0.025871 -0.004301
v 0.006229 0.025871 -0.004301
v 0.003342 0.028739 -0.004742
v -0.002490 0.027326 -0.010253
v -0.005378 0.024600 -0.009260
v 0.006229 0.024600 -0.009260
v 0.003342 0.027326 -0.010253
v -0.002490 0.024866 -0.015382
v -0.005378 0.022385 -0.013876
v 0.006229 0.022385 -0.013876
v 0.003342 0.024866 -0.015382
v -0.002490 0.021453 -0.019932
v -0.005378 0.019313 -0.017972
v 0.006229 0.019313 -0.017972
v 0.003341 0.021453 -0.019932
v -0.002490 0.017217 -0.023729
v -0.005378 0.015501 -0.021389
v 0.006229 0.015501 -0.021389
v 0.003341 0.017217 -0.023729
v -0.002490 0.012322 -0.026627
v -0.005378 0.011096 -0.023997
v 0.006229 0.011096 -0.023997
v 0.003341 0.012322 -0.026627
v -0.002490 0.006955 -0.028514
v -0.005378 0.006266 -0.025696
v 0.006229 0.006266 -0.025696
v 0.003342 0.006955 -0.028514
v -0.002490 0.001324 -0.029318
v -0.005378 0.001197 -0.026419
v 0.006229 0.001197 -0.026419
v 0.003342 0.001324 -0.029318
v -0.002490 -0.004356 -0.029008
v -0.005378 -0.003915 -0.026140
v 0.006229 -0.003915 -0.026140
v 0.003342 -0.004356 -0.029008
v 0.006229 0.019313 -0.017972
v 0.003342 0.017174 -0.016011
v -0.002490 0.017174 -0.016011
v -0.005378 0.019313 -0.017972
v 0.003342 0.013785 -0.019049
v 0.006229 0.015501 -0.021389
v -0.005378 0.015501 -0.021389
v -0.002490 0.013785 -0.019049
v 0.003342 -0.015625 -0.017443
v 0.006229 -0.017585 -0.019583
v -0.002490 -0.015625 -0.017443
v -0.005378 -0.017585 -0.019583
v 0.006229 -0.013490 -0.022655
v 0.003342 -0.011985 -0.020174
v -0.002490 -0.011985 -0.020174
v -0.005378 -0.013490 -0.022655
v 0.006229 0.022385 -0.013876
v 0.003341 0.019905 -0.012371
v -0.002490 0.019905 -0.012371
v -0.005378 0.022385 -0.013876
v 0.003342 -0.020981 -0.010139
v 0.006229 -0.023611 -0.011365
v -0.002490 -0.020981 -0.010139
v -0.005378 -0.023611 -0.011365
v 0.006229 -0.006149 0.025040
v 0.003342 -0.005459 0.022221
v -0.002490 -0.005459 0.022221
v -0.005378 -0.006149 0.025040
v 0.003342 -0.000954 0.022864
v 0.006229 -0.001081 0.025763
v -0.005378 -0.001081 0.025763
v -0.002490 -0.000954 0.022864
v 0.003342 -0.022491 -0.005846
v 0.006229 -0.025309 -0.006535
v -0.005378 -0.025309 -0.006535
v -0.002490 -0.022491 -0.005846
v 0.003342 0.003590 0.022616
v 0.006229 0.004031 0.025484
v -0.005378 0.004031 0.025484
v -0.002490 0.003590 0.022616
v 0.006229 0.017702 0.018927
v 0.003342 0.015742 0.016787
v -0.002490 0.015742 0.016787
v -0.005378 0.017702 0.018927
v 0.003342 0.021873 -0.008268
v 0.006229 0.024600 -0.009260
v -0.002490 0.021873 -0.008268
v -0.005378 0.024600 -0.009260
v 0.003342 0.001071 -0.023520
v 0.006229 0.001197 -0.026419
v -0.005378 0.001197 -0.026419
v -0.002490 0.001071 -0.023520
v 0.003342 0.018779 0.013399
v 0.006229 0.021120 0.015115
v -0.005378 0.021120 0.015115
v -0.002490 0.018779 0.013399
v 0.003342 -0.019788 0.011715
v 0.006229 -0.022269 0.013220
v -0.002490 -0.019788 0.011715
v -0.005378 -0.022269 0.013220
v 0.006229 -0.010979 0.023341
v 0.003342 -0.009752 0.020711
v -0.002490 -0.009752 0.020711
v -0.005378 -0.010979 0.023341
v 0.003342 -0.017057 0.015355
v 0.006229 -0.019197 0.017316
v -0.005378 -0.019197 0.017316
v -0.002490 -0.017057 0.015355
v 0.006229 -0.024483 0.008604
v 0.003342 -0.021756 0.007612
v -0.002490 -0.021756 0.007612
v -0.005378 -0.024483 0.008604
v 0.006229 0.011096 -0.023997
v 0.003342 0.009869 -0.021367
v -0.002490 0.009869 -0.021367
v -0.005378 0.011096 -0.023997
v 0.006229 0.006266 -0.025696
v 0.003342 0.005576 -0.022877
v -0.005378 0.006266 -0.025696
v -0.002490 0.005576 -0.022877
v 0.003342 0.007998 0.021486
v 0.006229 0.008991 0.024213
v -0.005378 0.008991 0.024213
v -0.002490 0.007998 0.021486
v 0.006229 -0.008874 -0.024869
v 0.003342 -0.007881 -0.022142
v -0.002490 -0.007881 -0.022142
v -0.005378 -0.008874 -0.024869
v 0.003342 -0.022886 0.003203
v 0.006229 -0.025754 0.003645
v -0.002490 -0.022886 0.003203
v -0.005378 -0.025754 0.003645
v 0.006229 -0.021003 -0.015771
v 0.003342 -0.018663 -0.014055
v -0.005378 -0.021003 -0.015771
v -0.002490 -0.018663 -0.014055
v 0.006229 -0.026033 -0.001467
v 0.003342 -0.023134 -0.001341
v -0.005378 -0.026033 -0.001467
v -0.002490 -0.023134 -0.001341
v 0.003342 0.023251 0.000685
v 0.006229 0.026150 0.000811
v -0.002490 0.023251 0.000685
v -0.005378 0.026150 0.000811
v 0.006229 0.025426 0.005879
v 0.003342 0.022607 0.005190
v -0.002490 0.022607 0.005190
v -0.005378 0.025426 0.005879
v 0.006229 0.025871 -0.004301
v 0.003342 0.023003 -0.003859
v -0.005378 0.025871 -0.004301
v -0.002490 0.023003 -0.003859
v 0.006229 0.023728 0.010709
v 0.003342 0.021098 0.009483
v -0.005378 0.023728 0.010709
v -0.002490 0.021098 0.009483
v 0.003342 0.012101 0.019518
v 0.006229 0.013607 0.021999
v -0.002490 0.012101 0.019518
v -0.005378 0.013607 0.021999
v 0.006229 -0.015384 0.020733
v 0.003342 -0.013669 0.018393
v -0.005378 -0.015384 0.020733
v -0.002490 -0.013669 0.018393
v 0.006229 -0.003915 -0.026140
v 0.003342 -0.003473 -0.023272
v -0.002490 -0.003473 -0.023272
v -0.005378 -0.003915 -0.026140
vt 0.615084 0.852331
vt 0.671997 0.824542
vt 0.661956 0.860390
vt 0.515456 0.885748
vt 0.505122 0.835956
vt 0.549061 0.873859
vt 0.987786 0.329714
vt 0.993224 0.391023
vt 0.984985 0.542755
vt 0.620576 0.587066
vt 0.636935 0.625283
vt 0.632290 0.730950
vt 0.612559 0.490955
vt 0.658092 0.456580
vt 0.670363 0.580858
vt 0.529016 0.739715
vt 0.614615 0.788590
vt 0.404624 0.780106
vt 0.426524 0.730505
vt 0.320602 0.760905
vt 0.659020 0.309119
vt 0.670506 0.363287
vt 0.647238 0.382253
vt 0.691862 0.561096
vt 0.672316 0.687443
vt 0.492034 0.807744
vt 0.379745 0.800880
vt 0.747639 0.477431
vt 0.759410 0.480031
vt 0.767069 0.589076
vt 0.373314 0.687715
vt 0.438977 0.693161
vt 0.356700 0.694598
vt 0.264394 0.729022
vt 0.193069 0.710239
vt 0.283033 0.718131
vt 0.345650 0.723335
vt 0.654608 0.750514
vt 0.653757 0.743988
vt 0.661045 0.745634
vt 0.039770 0.992409
vt 0.046858 0.990748
vt 0.050267 0.996207
vt 0.991203 0.545477
vt 0.982737 0.553688
vt 0.926562 0.009984
vt 0.926859 0.002986
vt 0.932636 0.012745
vt 0.132234 0.397377
vt 0.125726 0.394904
vt 0.124714 0.382240
vt 0.737618 0.164613
vt 0.744364 0.175442
vt 0.737413 0.174975
vt 0.668898 0.792379
vt 0.681330 0.828850
vt 0.098660 0.402313
vt 0.048486 0.404870
vt 0.069246 0.398353
vt 0.740851 0.229126
vt 0.751045 0.277030
vt 0.954068 0.273707
vt 0.954048 0.222034
vt 0.966777 0.359269
vt 0.707818 0.475777
vt 0.679045 0.399364
vt 0.306258 0.823242
vt 0.230448 0.823555
vt 0.231952 0.803553
vt 0.304153 0.799285
vt 0.097513 0.815107
vt 0.150925 0.819031
vt 0.158258 0.857828
vt 0.136835 0.395303
vt 0.131118 0.302419
vt 0.136835 0.282544
vt 0.609134 0.116324
vt 0.617494 0.116991
vt 0.585572 0.184724
vt 0.583753 0.685103
vt 0.588539 0.691242
vt 0.641076 0.901783
vt 0.488119 0.889777
vt 0.200867 0.979533
vt 0.262774 0.980807
vt 0.499797 0.730933
vt 0.297517 0.713577
vt 0.595059 0.287116
vt 0.586993 0.281655
vt 0.589064 0.231857
vt 0.280603 0.782758
vt 0.238639 0.754318
vt 0.234392 0.773051
vt 0.191651 0.766513
vt 0.635898 0.312504
vt 0.652030 0.266001
vt 0.712590 0.586960
vt 0.739419 0.656235
vt 0.740511 0.740043
vt 0.711077 0.744369
vt 0.702222 0.225707
vt 0.696965 0.171220
vt 0.749097 0.346601
vt 0.753125 0.407147
vt 0.732405 0.322351
vt 0.713568 0.390411
vt 0.098858 0.854061
vt 0.249427 0.850150
vt 0.271350 0.866519
vt 0.332436 0.871619
vt 0.044772 0.689107
vt 0.045652 0.682224
vt 0.128156 0.685468
vt 0.060280 0.054645
vt 0.020036 0.062176
vt 0.058256 0.046571
vt 0.015597 0.047383
vt 0.052691 0.029800
vt 0.055751 0.037573
vt 0.048884 0.021294
vt 0.010131 0.034546
vt 0.043968 0.010544
vt 0.003560 0.022972
vt 0.039569 0.003442
vt 0.036133 0.181977
vt 0.003372 0.157382
vt 0.041162 0.174072
vt 0.010694 0.144350
vt 0.050259 0.156165
vt 0.046926 0.163826
vt 0.016059 0.131564
vt 0.056450 0.139615
vt 0.053603 0.147983
vt 0.020378 0.116004
vt 0.061335 0.120119
vt 0.058788 0.131627
vt 0.062746 0.110857
vt 0.022689 0.100736
vt 0.063808 0.102570
vt 0.063846 0.081452
vt 0.022465 0.076925
vt 0.063109 0.073078
vt 0.061989 0.063857
vt 0.228344 0.962468
vt 0.303412 0.962955
vt 0.301611 0.968879
vt 0.229027 0.954621
vt 0.323474 0.889407
vt 0.202139 0.892925
vt 0.201951 0.888696
vt 0.323311 0.884360
vt 0.039119 0.902128
vt 0.202094 0.903843
vt 0.002637 0.907990
vt 0.093827 0.894553
vt 0.137197 0.890211
vt 0.074818 0.464873
vt 0.079010 0.469741
vt 0.003852 0.478901
vt 0.378303 0.826317
vt 0.078402 0.476166
vt 0.005987 0.483090
vt 0.075959 0.066118
vt 0.105642 0.055626
vt 0.107069 0.061289
vt 0.078460 0.079204
vt 0.109234 0.072765
vt 0.109970 0.078559
vt 0.079415 0.092905
vt 0.110740 0.090211
vt 0.110775 0.096052
vt 0.079133 0.102053
vt 0.110573 0.101888
vt 0.110137 0.107712
vt 0.077333 0.115669
vt 0.108565 0.119284
vt 0.107433 0.125014
vt 0.073910 0.128970
vt 0.104481 0.136313
vt 0.102668 0.141865
vt 0.095911 0.158020
vt 0.068569 0.142499
vt 0.098380 0.152727
vt 0.090346 0.168287
vt 0.064341 0.150616
vt 0.093233 0.163210
vt 0.082989 0.008508
vt 0.056503 0.025449
vt 0.079460 0.003855
vt 0.092419 0.023264
vt 0.064089 0.036898
vt 0.089475 0.018220
vt 0.100008 0.039045
vt 0.070244 0.049176
vt 0.097691 0.033684
vt 0.103986 0.050025
vt 0.073504 0.057728
vt 0.102108 0.044495
vt 0.211793 0.147881
vt 0.220918 0.002874
vt 0.218252 0.148096
vt 0.198058 0.147671
vt 0.203144 0.002595
vt 0.204521 0.147711
vt 0.188907 0.147738
vt 0.191389 0.002781
vt 0.175176 0.148152
vt 0.173669 0.002995
vt 0.181634 0.147899
vt 0.167910 0.148510
vt 0.161895 0.003529
vt 0.154208 0.149495
vt 0.144772 0.004691
vt 0.161462 0.148939
vt 0.127676 0.006490
vt 0.146966 0.150179
vt 0.137869 0.151175
vt 0.115979 0.007669
vt 0.131455 0.151964
vt 0.286407 0.008919
vt 0.270229 0.152992
vt 0.263831 0.152084
vt 0.239545 0.003948
vt 0.233830 0.149001
vt 0.225107 0.148443
vt 0.093684 0.456407
vt 0.021664 0.397470
vt 0.034458 0.400314
vt 0.095315 0.449516
vt 0.985510 0.081895
vt 0.992506 0.096636
vt 0.994898 0.198926
vt 0.988106 0.196316
vt 0.078504 0.750470
vt 0.025636 0.743845
vt 0.112128 0.702136
vt 0.158858 0.707172
vt 0.627800 0.231697
vt 0.642527 0.205127
vt 0.778102 0.717099
vt 0.622580 0.173973
vt 0.635950 0.148250
vt 0.419575 0.878380
vt 0.963167 0.383078
vt 0.994615 0.316681
vt 0.606779 0.417720
vt 0.602076 0.368384
vt 0.672110 0.743955
vt 0.157136 0.745337
vt 0.974068 0.466297
vt 0.969466 0.482784
vt 0.304587 0.789556
vt 0.153684 0.276395
vt 0.155019 0.283281
vt 0.142014 0.278097
vt 0.003571 0.388674
vt 0.002795 0.383390
vt 0.010332 0.378278
vt 0.234356 0.694803
vt 0.235441 0.687970
vt 0.681358 0.353234
vt 0.642487 0.895797
vt 0.982489 0.004631
vt 0.989420 0.003171
vt 0.147686 0.405264
vt 0.145276 0.415735
vt 0.065976 0.415735
vt 0.594789 0.682477
vt 0.648246 0.901184
vt 0.120111 0.307444
vt 0.005312 0.396472
vt 0.131319 0.280281
vt 0.142014 0.346626
vt 0.630198 0.091703
vt 0.002590 0.444064
vt 0.002590 0.402875
vt 0.014578 0.422556
vt 0.167210 0.864558
vt 0.098986 0.859789
vt 0.757480 0.364887
vt 0.266924 0.872053
vt 0.376451 0.880771
vt 0.766979 0.486895
vt 0.707202 0.306207
vt 0.682943 0.308734
vt 0.682895 0.259978
vt 0.682521 0.201448
vt 0.679877 0.145939
vt 0.692014 0.105881
vt 0.676235 0.085967
vt 0.077148 0.800288
vt 0.127973 0.802161
vt 0.018780 0.798009
vt 0.187715 0.802997
vt 0.978439 0.548719
vt 0.973970 0.550875
vt 0.578189 0.188328
vt 0.113189 0.696695
vt 0.180643 0.703150
vt 0.005160 0.797106
vt 0.089518 0.458919
vt 0.122872 0.281511
vt 0.164644 0.274215
vt 0.163127 0.342711
vt 0.149792 0.358446
vt 0.150441 0.324908
vt 0.784890 0.718357
vt 0.942151 0.162399
vt 0.773323 0.568996
vt 0.421545 0.724303
vt 0.279251 0.974318
vt 0.403254 0.963832
vt 0.395734 0.969853
vt 0.519859 0.950869
vt 0.509547 0.957712
vt 0.587210 0.943549
vt 0.586297 0.948273
vt 0.596187 0.383634
vt 0.606163 0.501011
vt 0.612363 0.575155
vt 0.625505 0.729155
vt 0.131324 0.757340
vt 0.019045 0.743078
vt 0.146377 0.692647
vt 0.064106 0.090818
vt 0.023187 0.089818
vt 0.441071 0.364211
vt 0.453931 0.359692
vt 0.583905 0.358298
vt 0.583930 0.363889
vt 0.454350 0.354131
vt 0.583856 0.352707
vt 0.448967 0.347960
vt 0.583783 0.347117
vt 0.457562 0.344003
vt 0.583685 0.341527
vt 0.457452 0.338955
vt 0.583563 0.335938
vt 0.457320 0.333907
vt 0.583417 0.330349
vt 0.457167 0.328859
vt 0.583248 0.324761
vt 0.456992 0.323812
vt 0.583054 0.319173
vt 0.456795 0.318766
vt 0.582836 0.313586
vt 0.456577 0.313720
vt 0.582595 0.308000
vt 0.456338 0.308676
vt 0.582330 0.302416
vt 0.456076 0.303632
vt 0.582040 0.296833
vt 0.445189 0.300497
vt 0.581727 0.291251
vt 0.451168 0.293880
vt 0.581389 0.285670
vt 0.449309 0.288999
vt 0.581027 0.280091
vt 0.442688 0.285169
vt 0.580640 0.274514
vt 0.454443 0.278484
vt 0.580229 0.268938
vt 0.454050 0.273450
vt 0.579794 0.263364
vt 0.453635 0.268416
vt 0.579335 0.257792
vt 0.453199 0.263385
vt 0.578852 0.252222
vt 0.452742 0.258356
vt 0.578346 0.246654
vt 0.452262 0.253329
vt 0.577815 0.241089
vt 0.456810 0.414648
vt 0.457005 0.409601
vt 0.583068 0.414194
vt 0.582852 0.419781
vt 0.457178 0.404554
vt 0.583259 0.408608
vt 0.457329 0.399507
vt 0.583427 0.403020
vt 0.457459 0.394458
vt 0.583571 0.397431
vt 0.457567 0.389409
vt 0.583691 0.391841
vt 0.457654 0.384360
vt 0.583786 0.386251
vt 0.457719 0.379310
vt 0.583858 0.380661
vt 0.457762 0.374260
vt 0.583906 0.375071
vt 0.457783 0.369210
vt 0.583930 0.369480
vt 0.182629 0.456838
vt 0.181599 0.463155
vt 0.303936 0.448480
vt 0.304266 0.453522
vt 0.182056 0.471601
vt 0.304564 0.458568
vt 0.304827 0.463615
vt 0.079354 0.482538
vt 0.182368 0.480054
vt 0.305057 0.468664
vt 0.305253 0.473715
vt 0.079373 0.488868
vt 0.182536 0.488516
vt 0.305415 0.478766
vt 0.305543 0.483817
vt 0.125382 0.956744
vt 0.124358 0.950174
vt 0.305638 0.488868
vt 0.002774 0.946017
vt 0.003139 0.940979
vt 0.126309 0.944078
vt 0.003538 0.935942
vt 0.232883 0.947831
vt 0.125453 0.937485
vt 0.003970 0.930909
vt 0.004436 0.925879
vt 0.129535 0.933999
vt 0.190085 0.941754
vt 0.004934 0.920852
vt 0.255707 0.881817
vt 0.312491 0.881037
vt 0.198460 0.883867
vt 0.202291 0.897152
vt 0.323603 0.894454
vt 0.323698 0.899502
vt 0.323787 0.909599
vt 0.204148 0.912244
vt 0.323760 0.904550
vt 0.202369 0.918295
vt 0.048396 0.913542
vt 0.202257 0.922527
vt 0.092548 0.918355
vt 0.323780 0.914648
vt 0.323739 0.919696
vt 0.323664 0.924743
vt 0.141044 0.922326
vt 0.199338 0.927330
vt 0.314932 0.928363
vt 0.254916 0.928363
vt 0.178109 0.453183
vt 0.303571 0.443439
vt 0.228660 0.447764
vt 0.286507 0.439774
vt 0.118702 0.459562
vt 0.279258 0.956801
vt 0.024088 0.918171
vt 0.076699 0.926863
vt 0.017698 0.916373
vt 0.793591 0.013942
vt 0.799325 0.013445
vt 0.845690 0.548379
vt 0.839869 0.548883
vt 0.002656 0.363506
vt 0.006993 0.372808
vt 0.002872 0.370044
vt 0.805060 0.012948
vt 0.851516 0.547873
vt 0.810793 0.012450
vt 0.857333 0.547367
vt 0.816527 0.011950
vt 0.863156 0.546860
vt 0.600201 0.595649
vt 0.002683 0.595508
vt 0.002685 0.589911
vt 0.600203 0.589984
vt 0.822261 0.011450
vt 0.827995 0.010949
vt 0.874799 0.545843
vt 0.868979 0.546352
vt 0.600204 0.584315
vt 0.002686 0.584320
vt 0.002687 0.578727
vt 0.600204 0.578650
vt 0.833728 0.010446
vt 0.839462 0.009943
vt 0.886436 0.544823
vt 0.880619 0.545334
vt 0.845195 0.009440
vt 0.892253 0.544312
vt 0.850929 0.008935
vt 0.898075 0.543799
vt 0.600201 0.561636
vt 0.002683 0.561953
vt 0.002681 0.556360
vt 0.600198 0.555964
vt 0.856662 0.008429
vt 0.862396 0.007922
vt 0.909714 0.542772
vt 0.903898 0.543286
vt 0.868129 0.007414
vt 0.915531 0.542256
vt 0.873862 0.006906
vt 0.921347 0.541741
vt 0.879595 0.006396
vt 0.927160 0.541224
vt 0.885328 0.005886
vt 0.932980 0.540706
vt 0.891061 0.005375
vt 0.938799 0.540187
vt 0.896793 0.004862
vt 0.944618 0.539667
vt 0.902526 0.004350
vt 0.950436 0.539146
vt 0.908258 0.003835
vt 0.956255 0.538625
vt 0.913991 0.003320
vt 0.962077 0.538102
vt 0.919723 0.002805
vt 0.967890 0.537578
vt 0.736246 0.018857
vt 0.741981 0.018369
vt 0.787485 0.553377
vt 0.781673 0.553871
vt 0.747716 0.017881
vt 0.793306 0.552881
vt 0.753450 0.017392
vt 0.799127 0.552385
vt 0.759185 0.016902
vt 0.804951 0.551887
vt 0.764919 0.016411
vt 0.810772 0.551388
vt 0.770654 0.015919
vt 0.816593 0.550889
vt 0.776388 0.015426
vt 0.822416 0.550388
vt 0.782123 0.014932
vt 0.828234 0.549887
vt 0.600176 0.629681
vt 0.002659 0.629055
vt 0.002664 0.623464
vt 0.600182 0.624008
vt 0.787857 0.014438
vt 0.834052 0.549385
vt 0.108267 0.067005
vt 0.077406 0.072827
vt 0.110472 0.084377
vt 0.079136 0.086448
vt 0.109467 0.113514
vt 0.078348 0.109286
vt 0.106070 0.130693
vt 0.075685 0.122755
vt 0.100633 0.147339
vt 0.071422 0.135807
vt 0.087259 0.173244
vt 0.060939 0.156112
vt 0.083975 0.178074
vt 0.056807 0.162100
vt 0.086329 0.013299
vt 0.060213 0.030741
vt 0.095160 0.028421
vt 0.067137 0.042598
vt 0.230193 0.003391
vt 0.212512 0.002734
vt 0.183034 0.002709
vt 0.153586 0.004022
vt 0.135965 0.005449
vt 0.124251 0.152977
vt 0.106690 0.008895
vt 0.256612 0.151184
vt 0.274749 0.006964
vt 0.294701 0.009921
vt 0.250191 0.150451
vt 0.265466 0.006153
vt 0.242951 0.149750
vt 0.257135 0.005528
vt 0.247848 0.004531
vt 0.629727 0.030924
vt 0.626030 0.026513
vt 0.636898 0.015417
vt 0.642551 0.022160
vt 0.630072 0.063548
vt 0.632731 0.058443
vt 0.647143 0.064232
vt 0.643078 0.072037
vt 0.253814 0.374961
vt 0.257996 0.371015
vt 0.259984 0.372748
vt 0.255429 0.377046
vt 0.646780 0.029877
vt 0.632494 0.035971
vt 0.637569 0.078898
vt 0.626468 0.068036
vt 0.248947 0.378022
vt 0.250128 0.380380
vt 0.649423 0.038271
vt 0.634222 0.041461
vt 0.630827 0.084554
vt 0.622058 0.071735
vt 0.243579 0.380082
vt 0.244281 0.382625
vt 0.623111 0.088785
vt 0.617012 0.074503
vt 0.237914 0.381064
vt 0.238110 0.383694
vt 0.614719 0.091431
vt 0.611522 0.076233
vt 0.232166 0.380930
vt 0.231848 0.383548
vt 0.605971 0.092388
vt 0.605800 0.076859
vt 0.226553 0.379686
vt 0.225734 0.382192
vt 0.597205 0.091621
vt 0.600066 0.076358
vt 0.221287 0.377377
vt 0.219998 0.379678
vt 0.588756 0.089159
vt 0.594540 0.074747
vt 0.216568 0.374093
vt 0.214857 0.376101
vt 0.580951 0.085096
vt 0.589435 0.072090
vt 0.212574 0.369957
vt 0.210507 0.371595
vt 0.574087 0.079589
vt 0.584945 0.068487
vt 0.207335 0.359782
vt 0.209457 0.365126
vt 0.207112 0.366332
vt 0.204800 0.360512
vt 0.568430 0.072849
vt 0.581245 0.064079
vt 0.206288 0.354129
vt 0.203660 0.354354
vt 0.564195 0.065135
vt 0.578475 0.059033
vt 0.206355 0.348380
vt 0.203733 0.348091
vt 0.213013 0.332704
vt 0.209783 0.337461
vt 0.207467 0.336197
vt 0.210986 0.331016
vt 0.834439 0.556615
vt 0.840089 0.556126
vt 0.876917 0.981637
vt 0.871189 0.982132
vt 0.845738 0.555636
vt 0.882646 0.981140
vt 0.851387 0.555145
vt 0.888375 0.980642
vt 0.857036 0.554652
vt 0.894103 0.980142
vt 0.862685 0.554159
vt 0.868334 0.553664
vt 0.905559 0.979140
vt 0.899829 0.979642
vt 0.873983 0.553168
vt 0.879632 0.552671
vt 0.917012 0.978134
vt 0.911284 0.978638
vt 0.885280 0.552174
vt 0.922741 0.977629
vt 0.890929 0.551675
vt 0.928466 0.977124
vt 0.896577 0.551175
vt 0.902226 0.550675
vt 0.939921 0.976110
vt 0.934194 0.976617
vt 0.907874 0.550174
vt 0.945648 0.975601
vt 0.913522 0.549672
vt 0.951377 0.975092
vt 0.919171 0.549168
vt 0.957104 0.974582
vt 0.924819 0.548664
vt 0.962832 0.974071
vt 0.930467 0.548160
vt 0.968561 0.973559
vt 0.936114 0.547654
vt 0.974290 0.973046
vt 0.941762 0.547147
vt 0.980014 0.972532
vt 0.947410 0.546640
vt 0.985739 0.972018
vt 0.953058 0.546131
vt 0.991464 0.971503
vt 0.958705 0.545622
vt 0.997188 0.970986
vt 0.777940 0.561437
vt 0.783590 0.560960
vt 0.819633 0.986538
vt 0.813907 0.987021
vt 0.789240 0.560482
vt 0.825360 0.986053
vt 0.794891 0.560003
vt 0.831089 0.985567
vt 0.800541 0.559522
vt 0.836820 0.985080
vt 0.806191 0.559041
vt 0.842549 0.984592
vt 0.811841 0.558558
vt 0.848276 0.984103
vt 0.817491 0.558074
vt 0.854006 0.983612
vt 0.823140 0.557589
vt 0.859735 0.983120
vt 0.828790 0.557103
vt 0.865463 0.982627
vt 0.561547 0.056743
vt 0.576743 0.053544
vt 0.207535 0.342753
vt 0.205019 0.341962
vt 0.560587 0.047996
vt 0.576115 0.047822
vt 0.426750 0.273911
vt 0.425463 0.267441
vt 0.436198 0.264185
vt 0.437914 0.272811
vt 0.578223 0.036562
vt 0.563810 0.030780
vt 0.567870 0.022973
vt 0.580879 0.031455
vt 0.426750 0.280507
vt 0.437914 0.281607
vt 0.584479 0.026965
vt 0.573375 0.016108
vt 0.425463 0.286977
vt 0.436198 0.290233
vt 0.588887 0.023263
vt 0.580113 0.010448
vt 0.422939 0.293072
vt 0.432832 0.298359
vt 0.593932 0.020491
vt 0.587826 0.006211
vt 0.414610 0.303221
vt 0.419274 0.298556
vt 0.427946 0.305672
vt 0.421726 0.311891
vt 0.599458 0.018750
vt 0.593967 0.020477
vt 0.587880 0.006189
vt 0.596274 0.003549
vt 0.409125 0.306885
vt 0.414413 0.316777
vt 0.605180 0.018128
vt 0.605023 0.002597
vt 0.403031 0.309410
vt 0.406288 0.320143
vt 0.610914 0.018633
vt 0.613788 0.003370
vt 0.389965 0.310697
vt 0.396561 0.310697
vt 0.397661 0.321859
vt 0.388866 0.321859
vt 0.616439 0.020247
vt 0.622235 0.005837
vt 0.377401 0.306885
vt 0.383495 0.309410
vt 0.380240 0.320143
vt 0.372114 0.316777
vt 0.621543 0.022908
vt 0.630038 0.009905
vt 0.634343 0.052917
vt 0.634847 0.047183
vt 0.650378 0.047019
vt 0.649608 0.055785
vt 0.371916 0.303221
vt 0.364801 0.311891
vt 0.367251 0.298556
vt 0.358582 0.305672
vt 0.361062 0.286977
vt 0.363586 0.293072
vt 0.353695 0.298359
vt 0.350330 0.290233
vt 0.238494 0.245919
vt 0.254116 0.243029
vt 0.255319 0.249175
vt 0.239761 0.252389
vt 0.262328 0.321147
vt 0.276757 0.314492
vt 0.279436 0.320153
vt 0.265148 0.327107
vt 0.252313 0.296759
vt 0.267243 0.291324
vt 0.269440 0.297189
vt 0.254626 0.302933
vt 0.248074 0.284274
vt 0.263216 0.279464
vt 0.265168 0.285415
vt 0.250129 0.290538
vt 0.261334 0.366334
vt 0.263621 0.367649
vt 0.263703 0.361095
vt 0.266201 0.361942
vt 0.264089 0.359815
vt 0.265143 0.354163
vt 0.267771 0.354391
vt 0.266623 0.360548
vt 0.265082 0.348414
vt 0.267705 0.348129
vt 0.263909 0.342786
vt 0.266427 0.341998
vt 0.261668 0.337491
vt 0.263985 0.336230
vt 0.258443 0.332731
vt 0.260473 0.331045
vt 0.254358 0.328685
vt 0.256022 0.326639
vt 0.249566 0.325508
vt 0.250803 0.323178
vt 0.244249 0.323320
vt 0.245011 0.320794
vt 0.232860 0.322199
vt 0.227218 0.323310
vt 0.226460 0.320783
vt 0.232605 0.319573
vt 0.238609 0.322202
vt 0.238868 0.319577
vt 0.221899 0.325492
vt 0.220666 0.323160
vt 0.576614 0.042088
vt 0.561351 0.039229
vt 0.217104 0.328664
vt 0.215442 0.326615
vt 0.044978 0.219436
vt 0.033526 0.229045
vt 0.025468 0.207449
vt 0.020626 0.229661
vt 0.010742 0.224994
vt 0.002727 0.211793
vt 0.005583 0.195897
vt 0.015891 0.186621
vt 0.030752 0.184989
vt 0.042122 0.191910
vt 0.048399 0.204373
vt 0.002669 0.617873
vt 0.600187 0.618332
vt 0.002653 0.634646
vt 0.600170 0.635354
vt 0.002646 0.640238
vt 0.600163 0.641022
vt 0.002639 0.645829
vt 0.600156 0.646695
vt 0.002631 0.651420
vt 0.600148 0.652364
vt 0.002622 0.657011
vt 0.600139 0.658033
vt 0.002613 0.662602
vt 0.600130 0.663709
vt 0.002604 0.668193
vt 0.600120 0.669367
vt 0.002593 0.673784
vt 0.600109 0.675035
vt 0.002605 0.500449
vt 0.002593 0.494857
vt 0.600109 0.493607
vt 0.600122 0.499276
vt 0.002616 0.506040
vt 0.600133 0.504944
vt 0.002627 0.511631
vt 0.600144 0.510617
vt 0.002637 0.517222
vt 0.600154 0.516282
vt 0.002646 0.522813
vt 0.600163 0.521958
vt 0.002654 0.528404
vt 0.600171 0.527620
vt 0.002661 0.533996
vt 0.600178 0.533292
vt 0.002667 0.539587
vt 0.600185 0.538957
vt 0.002673 0.545178
vt 0.600190 0.544626
vt 0.002677 0.550769
vt 0.600195 0.550291
vt 0.002685 0.567545
vt 0.600203 0.567309
vt 0.002686 0.573136
vt 0.600204 0.572982
vt 0.002680 0.601100
vt 0.600198 0.601329
vt 0.002678 0.606691
vt 0.600195 0.606998
vt 0.002673 0.612282
vt 0.600191 0.612667
vt 0.359775 0.273911
vt 0.359775 0.280507
vt 0.348614 0.281607
vt 0.348614 0.272812
vt 0.557236 0.068482
vt 0.557807 0.075050
vt 0.388375 0.089860
vt 0.387803 0.083288
vt 0.558377 0.081619
vt 0.388945 0.096432
vt 0.558946 0.088187
vt 0.389514 0.103003
vt 0.559515 0.094756
vt 0.390083 0.109575
vt 0.560083 0.101324
vt 0.560651 0.107892
vt 0.391220 0.122718
vt 0.390652 0.116146
vt 0.561219 0.114461
vt 0.561787 0.121030
vt 0.392357 0.135862
vt 0.391788 0.129290
vt 0.562356 0.127598
vt 0.392926 0.142434
vt 0.562926 0.134167
vt 0.393496 0.149006
vt 0.563496 0.140735
vt 0.564068 0.147303
vt 0.394639 0.162148
vt 0.394067 0.155577
vt 0.564642 0.153871
vt 0.395213 0.168719
vt 0.565216 0.160439
vt 0.395788 0.175290
vt 0.565792 0.167007
vt 0.396364 0.181862
vt 0.566370 0.173575
vt 0.396942 0.188432
vt 0.566949 0.180143
vt 0.397521 0.195003
vt 0.567529 0.186710
vt 0.398102 0.201574
vt 0.568111 0.193277
vt 0.398683 0.208145
vt 0.568693 0.199845
vt 0.399266 0.214716
vt 0.569276 0.206412
vt 0.399849 0.221286
vt 0.569859 0.212979
vt 0.400433 0.227857
vt 0.551468 0.002804
vt 0.552047 0.009371
vt 0.382613 0.024149
vt 0.382033 0.017579
vt 0.552627 0.015939
vt 0.383192 0.030720
vt 0.553206 0.022506
vt 0.383772 0.037291
vt 0.553785 0.029074
vt 0.384351 0.043862
vt 0.554363 0.035642
vt 0.384929 0.050433
vt 0.554940 0.042210
vt 0.385506 0.057004
vt 0.555515 0.048777
vt 0.386082 0.063575
vt 0.556090 0.055345
vt 0.386657 0.070146
vt 0.556663 0.061914
vt 0.387231 0.076717
vt 0.321795 0.410062
vt 0.321806 0.401267
vt 0.343474 0.401294
vt 0.343463 0.410094
vt 0.321765 0.427652
vt 0.321781 0.418857
vt 0.343449 0.418893
vt 0.343433 0.427693
vt 0.321747 0.436447
vt 0.343415 0.436492
vt 0.321727 0.445242
vt 0.343395 0.445292
vt 0.321704 0.454037
vt 0.343372 0.454091
vt 0.321680 0.462831
vt 0.343347 0.462891
vt 0.321653 0.471626
vt 0.343321 0.471690
vt 0.321625 0.480421
vt 0.343292 0.480490
vt 0.321594 0.489216
vt 0.343262 0.489289
vt 0.321621 0.216573
vt 0.321594 0.207778
vt 0.343262 0.207705
vt 0.343289 0.216505
vt 0.321646 0.225368
vt 0.343314 0.225304
vt 0.321670 0.234163
vt 0.343338 0.234103
vt 0.321692 0.242958
vt 0.343359 0.242903
vt 0.321712 0.251753
vt 0.343380 0.251702
vt 0.321730 0.260548
vt 0.343398 0.260502
vt 0.321748 0.269343
vt 0.343415 0.269302
vt 0.321763 0.278138
vt 0.343431 0.278101
vt 0.321777 0.286932
vt 0.343445 0.286901
vt 0.321790 0.295727
vt 0.343458 0.295700
vt 0.321801 0.304522
vt 0.343469 0.304500
vt 0.321818 0.322112
vt 0.321810 0.313317
vt 0.343478 0.313299
vt 0.343486 0.322098
vt 0.321825 0.330907
vt 0.343493 0.330898
vt 0.321829 0.339702
vt 0.343497 0.339698
vt 0.321833 0.357292
vt 0.321832 0.348497
vt 0.343500 0.348497
vt 0.343500 0.357297
vt 0.321828 0.374882
vt 0.321831 0.366087
vt 0.343499 0.366096
vt 0.343496 0.374896
vt 0.321823 0.383677
vt 0.343491 0.383695
vt 0.321816 0.392472
vt 0.343484 0.392495
vt 0.422939 0.261347
vt 0.432832 0.256059
vt 0.419274 0.255862
vt 0.427946 0.248746
vt 0.414610 0.251198
vt 0.421727 0.242527
vt 0.409125 0.247533
vt 0.414413 0.237641
vt 0.403031 0.245009
vt 0.406288 0.234275
vt 0.396561 0.243722
vt 0.397661 0.232559
vt 0.389965 0.243722
vt 0.388866 0.232559
vt 0.383495 0.245009
vt 0.380240 0.234275
vt 0.377400 0.247533
vt 0.372114 0.237641
vt 0.371916 0.251198
vt 0.364801 0.242527
vt 0.367251 0.255862
vt 0.358582 0.248746
vt 0.363586 0.261347
vt 0.353695 0.256059
vt 0.361062 0.267441
vt 0.350330 0.264185
vt 0.256648 0.255295
vt 0.241160 0.258832
vt 0.253040 0.236859
vt 0.237361 0.239424
vt 0.252090 0.230668
vt 0.236362 0.232908
vt 0.251269 0.224459
vt 0.235497 0.226372
vt 0.250575 0.218235
vt 0.234767 0.219819
vt 0.250010 0.211998
vt 0.234172 0.213253
vt 0.249574 0.205750
vt 0.233713 0.206676
vt 0.249268 0.199494
vt 0.233391 0.200091
vt 0.249091 0.193234
vt 0.233204 0.193501
vt 0.312486 0.373220
vt 0.316385 0.378121
vt 0.304043 0.388128
vt 0.299939 0.382968
vt 0.308690 0.368238
vt 0.295943 0.377724
vt 0.304999 0.363178
vt 0.292057 0.372398
vt 0.301414 0.358043
vt 0.288284 0.366992
vt 0.297937 0.352833
vt 0.284624 0.361508
vt 0.294571 0.347552
vt 0.281080 0.355949
vt 0.291315 0.342202
vt 0.277653 0.350317
vt 0.288172 0.336784
vt 0.274345 0.344614
vt 0.285144 0.331302
vt 0.271157 0.338843
vt 0.282231 0.325758
vt 0.268091 0.333006
vt 0.274198 0.308776
vt 0.259634 0.315129
vt 0.271759 0.303007
vt 0.257067 0.309057
vt 0.261387 0.273474
vt 0.246149 0.277968
vt 0.259683 0.267447
vt 0.244354 0.271624
vt 0.258103 0.261387
vt 0.242691 0.265245
vt 0.205430 0.303328
vt 0.196534 0.301760
vt 0.198065 0.293082
vt 0.206960 0.294651
vt 0.048441 0.178795
vt 0.048441 0.178795
vt 0.048441 0.178795
vt 0.048441 0.178795
vt 0.048441 0.178795
vt 0.048441 0.178795
vt 0.048441 0.178795
vt 0.048441 0.178795
vt 0.048441 0.178795
vt 0.048441 0.178795
vt 0.048441 0.178795
vt 0.048441 0.178795
vt 0.048441 0.178795
vt 0.048441 0.178795
vt 0.048441 0.178795
vt 0.048441 0.178795
vt 0.048441 0.178795
vt 0.048441 0.178795
vt 0.048441 0.178795
vt 0.048441 0.178795
vt 0.048441 0.178795
vt 0.048441 0.178795
vt 0.048441 0.178795
vt 0.048441 0.178795
vt 0.048441 0.178795
vt 0.048441 0.178795
vt 0.048441 0.178795
vt 0.048441 0.178795
vt 0.048441 0.178795
vt 0.048441 0.178795
vt 0.048441 0.178795
vt 0.048441 0.178795
vt 0.048441 0.178795
vt 0.048441 0.178795
vt 0.048441 0.178795
vt 0.048441 0.178795
vt 0.048441 0.178795
vt 0.048441 0.178795
vt 0.048441 0.178795
vt 0.048441 0.178795
vt 0.048441 0.178795
vt 0.048441 0.178795
vt 0.048441 0.178795
vt 0.048441 0.178795
vt 0.048441 0.178795
vt 0.048441 0.178795
vt 0.048441 0.178795
vt 0.048441 0.178795
vt 0.048441 0.178795
vt 0.048441 0.178795
vt 0.048441 0.178795
vt 0.048441 0.178795
vt 0.048441 0.178795
vt 0.048441 0.178795
vt 0.048441 0.178795
vt 0.048441 0.178795
vt 0.048441 0.178795
vt 0.048441 0.178795
vt 0.048441 0.178795
vt 0.048441 0.178795
vt 0.048441 0.178795
vt 0.048441 0.178795
vt 0.048441 0.178795
vt 0.048441 0.178795
vt 0.223791 0.199197
vt 0.214895 0.197629
vt 0.216426 0.188951
vt 0.225321 0.190520
vt 0.376757 0.185866
vt 0.367724 0.185866
vt 0.367724 0.178816
vt 0.376757 0.178816
vt 0.376758 0.192915
vt 0.367724 0.192915
vt 0.376757 0.171767
vt 0.367724 0.171767
vt 0.367724 0.164718
vt 0.376757 0.164718
vt 0.376757 0.143570
vt 0.367724 0.143570
vt 0.367724 0.136521
vt 0.376757 0.136521
vt 0.376757 0.044881
vt 0.367724 0.044881
vt 0.367724 0.037832
vt 0.376757 0.037832
vt 0.376757 0.094226
vt 0.367724 0.094226
vt 0.367724 0.087177
vt 0.376757 0.087177
vt 0.376757 0.214062
vt 0.367724 0.214062
vt 0.367724 0.207013
vt 0.376758 0.207013
vt 0.367724 0.157669
vt 0.376757 0.157669
vt 0.376757 0.115373
vt 0.367724 0.115373
vt 0.367724 0.108324
vt 0.376757 0.108324
vt 0.376757 0.073078
vt 0.367724 0.073078
vt 0.367724 0.066029
vt 0.376757 0.066029
vt 0.376757 0.023734
vt 0.367724 0.023734
vt 0.367724 0.016684
vt 0.376757 0.016684
vt 0.376757 0.030783
vt 0.367724 0.030783
vt 0.376757 0.150619
vt 0.367724 0.150619
vt 0.367724 0.009635
vt 0.376757 0.009635
vt 0.211551 0.268618
vt 0.202655 0.267049
vt 0.204185 0.258372
vt 0.213081 0.259940
vt 0.376757 0.122423
vt 0.367724 0.122423
vt 0.376758 0.221112
vt 0.367724 0.221112
vt 0.367724 0.002586
vt 0.376757 0.002586
vt 0.367724 0.080127
vt 0.376757 0.080127
vt 0.367724 0.199964
vt 0.376758 0.199964
vt 0.376757 0.051931
vt 0.367724 0.051931
vt 0.367724 0.058980
vt 0.376757 0.058980
vt 0.376758 0.228161
vt 0.367724 0.228161
vt 0.376757 0.101275
vt 0.367724 0.101275
vt 0.367724 0.129472
vt 0.376757 0.129472
vt 0.188599 0.398782
vt 0.179704 0.397213
vt 0.181234 0.388535
vt 0.190129 0.390104
vt 0.058880 0.200906
vt 0.058880 0.200906
vt 0.058880 0.200906
vt 0.058880 0.200906
vt 0.058876 0.200909
vt 0.057423 0.203374
vt 0.057423 0.203374
vt 0.058876 0.200909
vt 0.059076 0.200321
vt 0.059060 0.200315
vt 0.059060 0.200315
vt 0.059076 0.200321
vt 0.061289 0.199014
vt 0.061289 0.199014
vt 0.063163 0.197282
vt 0.063164 0.197282
vt 0.059062 0.200312
vt 0.059062 0.200312
vt 0.059062 0.200312
vt 0.059062 0.200312
vt 0.058880 0.200906
vt 0.058880 0.200906
vt 0.058880 0.200906
vt 0.058880 0.200906
vt 0.059002 0.200275
vt 0.059046 0.200307
vt 0.059046 0.200307
vt 0.059002 0.200275
vt 0.058880 0.200906
vt 0.058880 0.200906
vt 0.058880 0.200906
vt 0.058880 0.200906
vt 0.199595 0.284405
vt 0.208491 0.285973
vt 0.044186 0.183994
vt 0.044186 0.183994
vt 0.058880 0.200906
vt 0.058880 0.200906
vt 0.058880 0.200906
vt 0.058880 0.200906
vt 0.058880 0.200906
vt 0.058880 0.200906
vt 0.196250 0.355394
vt 0.187354 0.353825
vt 0.188884 0.345147
vt 0.197780 0.346716
vt 0.056487 0.206078
vt 0.056487 0.206078
vt 0.226851 0.181842
vt 0.217956 0.180274
vt 0.219486 0.171596
vt 0.228382 0.173165
vt 0.056856 0.206264
vt 0.056856 0.206264
vt 0.056856 0.206264
vt 0.056856 0.206264
vt 0.058880 0.200906
vt 0.058880 0.200906
vt 0.058876 0.200909
vt 0.058876 0.200909
vt 0.191659 0.381426
vt 0.182764 0.379858
vt 0.184294 0.371180
vt 0.193190 0.372749
vt 0.056624 0.206142
vt 0.056624 0.206142
vt 0.182479 0.433492
vt 0.173583 0.431923
vt 0.175113 0.423246
vt 0.184009 0.424814
vt 0.058870 0.200903
vt 0.058870 0.200904
vt 0.058870 0.200904
vt 0.058870 0.200903
vt 0.052839 0.192908
vt 0.052839 0.192908
vt 0.058870 0.200915
vt 0.058870 0.200915
vt 0.058868 0.200926
vt 0.058868 0.200926
vt 0.185824 0.362503
vt 0.194720 0.364071
vt 0.056717 0.206196
vt 0.056717 0.206196
vt 0.176643 0.414568
vt 0.185539 0.416137
vt 0.187069 0.407459
vt 0.178173 0.405891
vt 0.229912 0.164487
vt 0.221016 0.162918
vt 0.222546 0.154241
vt 0.231442 0.155809
vt 0.216141 0.242585
vt 0.207245 0.241017
vt 0.208775 0.232339
vt 0.217671 0.233908
vt 0.056856 0.206264
vt 0.056856 0.206264
vt 0.222261 0.207875
vt 0.213365 0.206306
vt 0.220731 0.216553
vt 0.211835 0.214984
vt 0.199310 0.338038
vt 0.190414 0.336470
vt 0.191944 0.327792
vt 0.200840 0.329361
vt 0.193474 0.319115
vt 0.202370 0.320683
vt 0.195004 0.310437
vt 0.203900 0.312006
vt 0.210021 0.277296
vt 0.201125 0.275727
vt 0.214611 0.251263
vt 0.205715 0.249694
vt 0.219201 0.225230
vt 0.210305 0.223661
vt 0.347706 0.183662
vt 0.341586 0.190002
vt 0.337340 0.185292
vt 0.342848 0.179585
vt 0.120937 0.267980
vt 0.117072 0.275899
vt 0.111579 0.272728
vt 0.115058 0.265601
vt 0.334647 0.195434
vt 0.331095 0.190180
vt 0.123667 0.259601
vt 0.117515 0.258060
vt 0.327022 0.199850
vt 0.324232 0.194155
vt 0.125210 0.250924
vt 0.118904 0.250251
vt 0.318858 0.203167
vt 0.316885 0.197140
vt 0.125535 0.242118
vt 0.119196 0.242325
vt 0.310313 0.205321
vt 0.309194 0.199079
vt 0.124636 0.233351
vt 0.118387 0.234435
vt 0.301552 0.206269
vt 0.301310 0.199932
vt 0.122530 0.224794
vt 0.116492 0.226734
vt 0.292745 0.205994
vt 0.293383 0.199684
vt 0.119259 0.216611
vt 0.113548 0.219369
vt 0.284060 0.204500
vt 0.285567 0.198340
vt 0.114885 0.208961
vt 0.109611 0.212484
vt 0.275666 0.201817
vt 0.278012 0.195925
vt 0.109493 0.201991
vt 0.104758 0.206211
vt 0.267726 0.197997
vt 0.270866 0.192487
vt 0.103186 0.195835
vt 0.099082 0.200671
vt 0.260391 0.193113
vt 0.264264 0.188091
vt 0.096088 0.190614
vt 0.092694 0.195971
vt 0.253804 0.187259
vt 0.258337 0.182823
vt 0.088334 0.186426
vt 0.085715 0.192202
vt 0.248093 0.180548
vt 0.253196 0.176783
vt 0.080074 0.183354
vt 0.078281 0.189437
vt 0.243366 0.173111
vt 0.248942 0.170090
vt 0.071468 0.181456
vt 0.070536 0.187729
vt 0.239717 0.165090
vt 0.245657 0.162871
vt 0.062683 0.180770
vt 0.062629 0.187112
vt 0.237214 0.156641
vt 0.243405 0.155267
vt 0.053887 0.181308
vt 0.054713 0.187596
vt 0.301909 0.079541
vt 0.310664 0.080538
vt 0.309510 0.086774
vt 0.301630 0.085876
vt 0.007492 0.276362
vt 0.003560 0.268476
vt 0.009419 0.266047
vt 0.012958 0.273145
vt 0.319197 0.082740
vt 0.317190 0.088756
vt 0.012480 0.283628
vt 0.017447 0.279684
vt 0.327342 0.086103
vt 0.324520 0.091782
vt 0.018426 0.290132
vt 0.022798 0.285537
vt 0.334942 0.090562
vt 0.331360 0.095796
vt 0.025217 0.295748
vt 0.028910 0.290592
vt 0.341851 0.096032
vt 0.337578 0.100719
vt 0.032720 0.300370
vt 0.035663 0.294752
vt 0.347935 0.102407
vt 0.343054 0.106456
vt 0.040792 0.303907
vt 0.042927 0.297935
vt 0.353076 0.109564
vt 0.347681 0.112897
vt 0.049276 0.306290
vt 0.050563 0.300080
vt 0.357176 0.117364
vt 0.351371 0.119918
vt 0.058008 0.307475
vt 0.058422 0.301146
vt 0.360155 0.125657
vt 0.354052 0.127382
vt 0.066821 0.307438
vt 0.066353 0.301113
vt 0.361955 0.134284
vt 0.355672 0.135145
vt 0.075543 0.306179
vt 0.074203 0.299980
vt 0.362543 0.143076
vt 0.356201 0.143058
vt 0.084006 0.303724
vt 0.081821 0.297770
vt 0.361906 0.151865
vt 0.355628 0.150968
vt 0.092048 0.300119
vt 0.089058 0.294526
vt 0.360057 0.160481
vt 0.353963 0.158722
vt 0.099512 0.295434
vt 0.095776 0.290310
vt 0.357031 0.168757
vt 0.351240 0.166171
vt 0.106255 0.289760
vt 0.101844 0.285203
vt 0.352888 0.176534
vt 0.347511 0.173171
vt 0.112146 0.283206
vt 0.107146 0.279305
vt 0.098389 0.378403
vt 0.092210 0.383375
vt 0.088587 0.378170
vt 0.094080 0.373751
vt 0.200824 0.236859
vt 0.197001 0.243807
vt 0.191670 0.240371
vt 0.195069 0.234195
vt 0.039211 0.389837
vt 0.032019 0.386495
vt 0.035084 0.380944
vt 0.041477 0.383914
vt 0.197985 0.183541
vt 0.201579 0.190610
vt 0.195740 0.193085
vt 0.192545 0.186801
vt 0.192251 0.250159
vt 0.187448 0.246017
vt 0.046798 0.392149
vt 0.048221 0.385969
vt 0.103819 0.372623
vt 0.098906 0.368613
vt 0.204159 0.198110
vt 0.198034 0.199751
vt 0.025360 0.382189
vt 0.019361 0.377001
vt 0.023833 0.372505
vt 0.029165 0.377116
vt 0.188047 0.171227
vt 0.193445 0.177038
vt 0.188510 0.181021
vt 0.183712 0.175855
vt 0.005505 0.318344
vt 0.008549 0.311020
vt 0.014222 0.313855
vt 0.011516 0.320365
vt 0.115037 0.167030
vt 0.121721 0.162761
vt 0.124755 0.168330
vt 0.118814 0.172124
vt 0.181897 0.166220
vt 0.178244 0.171405
vt 0.012578 0.304189
vt 0.017803 0.307783
vt 0.014140 0.371032
vt 0.019191 0.367199
vt 0.109009 0.172184
vt 0.113456 0.176706
vt 0.114316 0.320274
vt 0.116041 0.328014
vt 0.109770 0.328961
vt 0.108237 0.322080
vt 0.186667 0.255790
vt 0.180356 0.260594
vt 0.176875 0.255292
vt 0.182484 0.251023
vt 0.206097 0.213815
vt 0.205417 0.221716
vt 0.199151 0.220735
vt 0.199756 0.213711
vt 0.150441 0.269943
vt 0.142518 0.269588
vt 0.143241 0.263287
vt 0.150284 0.263603
vt 0.116677 0.335919
vt 0.110335 0.335987
vt 0.108395 0.366146
vt 0.102974 0.362855
vt 0.004059 0.349651
vt 0.002777 0.341825
vt 0.009091 0.341236
vt 0.010231 0.348193
vt 0.152303 0.155900
vt 0.160170 0.156904
vt 0.158932 0.163124
vt 0.151939 0.162231
vt 0.006414 0.357224
vt 0.012324 0.354924
vt 0.128933 0.159460
vt 0.131165 0.165395
vt 0.003507 0.326019
vt 0.009740 0.327186
vt 0.144372 0.155996
vt 0.144890 0.162316
vt 0.136532 0.157190
vt 0.137920 0.163378
vt 0.002591 0.333896
vt 0.008926 0.334189
vt 0.085402 0.387442
vt 0.078096 0.390527
vt 0.076041 0.384527
vt 0.082536 0.381785
vt 0.203648 0.229448
vt 0.197579 0.227607
vt 0.103754 0.178124
vt 0.108785 0.181986
vt 0.054631 0.393388
vt 0.055184 0.387070
vt 0.070433 0.392568
vt 0.069229 0.386342
vt 0.009796 0.364397
vt 0.015330 0.361301
vt 0.167822 0.158989
vt 0.175111 0.162114
vt 0.172213 0.167755
vt 0.165734 0.164977
vt 0.017514 0.297983
vt 0.022191 0.302266
vt 0.114651 0.351612
vt 0.112029 0.359097
vt 0.106204 0.356589
vt 0.108535 0.349936
vt 0.173440 0.264476
vt 0.166052 0.267362
vt 0.164161 0.261308
vt 0.170727 0.258743
vt 0.116210 0.343836
vt 0.109921 0.343025
vt 0.158337 0.269196
vt 0.157302 0.262939
vt 0.111534 0.312847
vt 0.105764 0.315478
vt 0.134720 0.268138
vt 0.127199 0.265621
vt 0.129624 0.259762
vt 0.136310 0.261999
vt 0.107750 0.305877
vt 0.102401 0.309283
vt 0.205675 0.205895
vt 0.199381 0.206671
vt 0.062560 0.393528
vt 0.062232 0.387195
vn 0.0878 0.0972 0.9914
vn -0.1023 0.0039 0.9947
vn -0.1577 -0.0081 0.9875
vn 0.0757 -0.0104 0.9971
vn 0.0891 0.1252 0.9881
vn 0.0799 0.1512 0.9852
vn 0.0042 0.9989 0.0457
vn -0.0503 0.7429 -0.6675
vn -0.1191 0.9925 0.0259
vn -0.0728 0.3240 -0.9432
vn -0.0805 0.1513 -0.9852
vn -0.4533 0.3916 -0.8007
vn -0.0658 0.3647 -0.9288
vn -0.0737 0.1336 -0.9883
vn -0.0895 0.1306 -0.9874
vn 0.0801 -0.0035 0.9968
vn 0.0873 -0.1024 0.9909
vn 0.0776 -0.1306 0.9884
vn 0.0750 -0.0325 0.9966
vn 0.0578 -0.1681 0.9841
vn -0.0495 0.2936 -0.9546
vn -0.0660 0.1292 -0.9894
vn -0.0562 0.1597 -0.9856
vn -0.0886 0.0014 -0.9961
vn -0.0890 0.0961 -0.9914
vn 0.0906 -0.0162 0.9957
vn 0.0745 0.0062 0.9972
vn -0.0745 -0.1973 -0.9775
vn -0.0649 -0.3817 -0.9220
vn -0.0755 -0.3147 -0.9462
vn 0.0015 -0.9992 0.0392
vn -0.0521 -0.7398 -0.6708
vn -0.0474 -0.7583 -0.6501
vn 0.0340 -0.2338 0.9717
vn 0.0233 -0.0571 0.9981
vn 0.0363 -0.0639 0.9973
vn 0.0593 -0.0593 0.9965
vn -0.1181 0.0823 0.9896
vn -0.0793 0.6367 0.7670
vn -0.6890 0.6236 0.3693
vn -0.3402 0.7376 -0.5832
vn -0.0913 -0.6467 0.7572
vn -0.6867 -0.5701 0.4511
vn -0.1006 -0.9944 0.0302
vn 0.1830 -0.9816 0.0543
vn 0.1096 -0.8293 -0.5480
vn 0.2823 -0.7570 -0.5893
vn -0.0016 -0.4362 -0.8998
vn -0.1793 0.0155 0.9836
vn -0.9277 -0.0962 0.3606
vn -0.6139 -0.2635 -0.7440
vn -0.8782 0.2047 -0.4323
vn -0.3334 -0.0337 -0.9421
vn -0.0217 -0.3676 -0.9297
vn -0.0198 -0.7583 -0.6515
vn 0.0511 -0.5764 0.8155
vn 0.0014 -0.9991 0.0415
vn -0.0782 -0.1189 -0.9898
vn -0.0701 0.0016 -0.9975
vn 0.0567 0.1561 0.9861
vn 0.0292 0.1891 0.9815
vn -0.0307 -0.4273 0.9036
vn -0.0307 -0.0487 0.9983
vn 0.0363 0.1831 0.9824
vn 0.0178 0.1995 0.9797
vn 0.0258 0.0529 0.9983
vn 0.2656 -0.6381 0.7226
vn 0.5183 -0.8408 -0.1564
vn 0.2099 -0.9764 -0.0500
vn 0.3074 0.7085 -0.6352
vn 0.0383 0.2641 -0.9637
vn 0.0493 0.4377 -0.8977
vn -0.4662 -0.7119 -0.5251
vn 0.0607 -0.5846 0.8090
vn 0.0619 0.5876 0.8067
vn 0.0352 0.5808 0.8133
vn -0.0223 0.3757 -0.9265
vn -0.0166 0.7613 -0.6482
vn -0.0247 0.3781 -0.9254
vn -0.0245 0.2996 0.9537
vn 0.0305 -0.1881 0.9817
vn -0.0219 0.4136 0.9102
vn -0.0240 0.5144 0.8572
vn -0.0302 0.1918 -0.9809
vn -0.0375 0.4423 -0.8961
vn -0.0931 -0.1205 -0.9883
vn -0.0875 -0.1209 -0.9888
vn -0.0179 -0.1968 -0.9803
vn -0.0377 -0.1753 -0.9838
vn -0.0342 -0.3728 -0.9272
vn -0.0549 -0.3788 -0.9238
vn -0.0326 -0.2347 -0.9715
vn -0.0574 -0.1678 -0.9841
vn 0.1255 -0.0185 0.9919
vn 0.0338 0.2334 0.9718
vn 0.0420 0.0696 0.9967
vn 0.0555 0.0558 0.9969
vn 0.0016 -0.9988 0.0479
vn 0.0694 -0.9934 0.0914
vn 0.7135 -0.6877 0.1344
vn 0.0700 -0.9209 0.3833
vn 0.7140 -0.4628 0.5253
vn 0.0630 -0.5504 0.8325
vn 0.0650 -0.7783 0.6244
vn 0.0682 -0.2698 0.9605
vn 0.7223 -0.0704 0.6879
vn 0.0639 0.0898 0.9939
vn 0.7172 0.3438 0.6061
vn 0.0650 0.3787 0.9232
vn 0.0690 0.6462 0.7600
vn 0.7169 0.6402 0.2759
vn 0.0709 0.9768 0.2018
vn 0.0692 0.8723 0.4840
vn 0.7141 0.6840 -0.1490
vn 0.0718 0.9227 -0.3787
vn 0.0693 0.9946 -0.0768
vn 0.7134 0.4360 -0.5485
vn 0.0688 0.4792 -0.8750
vn 0.0702 0.7740 -0.6292
vn 0.0717 0.1925 -0.9787
vn 0.7198 0.0052 -0.6941
vn 0.0661 -0.1046 -0.9923
vn 0.0681 -0.7143 -0.6965
vn 0.7197 -0.6144 -0.3232
vn 0.0647 -0.8801 -0.4703
vn 0.0686 -0.9786 -0.1937
vn -0.0723 0.2909 0.9540
vn -0.0816 0.0844 0.9931
vn -0.3183 -0.0421 0.9470
vn -0.0704 0.6918 0.7186
vn -0.0270 0.5554 -0.8311
vn -0.0505 0.5041 -0.8621
vn -0.0445 0.6658 -0.7447
vn -0.0246 0.7063 -0.7075
vn -0.0569 0.0719 -0.9958
vn -0.0702 -0.7731 0.6304
vn 0.0744 0.1424 0.9870
vn -0.0740 -0.4805 0.8738
vn 0.0828 -0.9916 -0.0994
vn 0.1015 -0.9948 0.0002
vn 0.1007 -0.9764 -0.1907
vn 0.0823 -0.7679 -0.6352
vn 0.1003 -0.8264 -0.5540
vn 0.1010 -0.7062 -0.7007
vn 0.0828 -0.2879 -0.9540
vn 0.1009 -0.3793 -0.9197
vn 0.1025 -0.1943 -0.9756
vn 0.0846 0.0853 -0.9927
vn 0.1027 -0.0046 -0.9947
vn 0.1019 0.1903 -0.9764
vn 0.0829 0.6257 -0.7756
vn 0.1017 0.5539 -0.8263
vn 0.1023 0.7007 -0.7061
vn 0.0838 0.9490 -0.3040
vn 0.1020 0.9196 -0.3792
vn 0.1024 0.9749 -0.1977
vn 0.1031 0.9172 0.3848
vn 0.0849 0.9495 0.3019
vn 0.1023 0.9749 0.1978
vn 0.1014 0.7045 0.7024
vn 0.0833 0.7712 0.6311
vn 0.1030 0.8269 0.5528
vn 0.1008 0.1955 0.9755
vn 0.0828 0.2930 0.9525
vn 0.1014 0.3771 0.9206
vn 0.1003 -0.3793 0.9198
vn 0.0831 -0.2862 0.9545
vn 0.1009 -0.1979 0.9750
vn 0.1014 -0.8297 0.5489
vn 0.0835 -0.7797 0.6205
vn 0.1005 -0.7062 0.7008
vn 0.1012 -0.9764 0.1904
vn 0.0837 -0.9550 0.2844
vn 0.1014 -0.9192 0.3805
vn 0.0808 -0.9189 -0.3862
vn 0.0721 -0.4668 -0.8814
vn 0.0815 -0.5506 -0.8308
vn 0.0824 0.3849 -0.9192
vn 0.0827 0.8207 -0.5653
vn 0.0833 0.9965 -0.0107
vn 0.0820 0.5568 0.8265
vn 0.0816 0.0006 0.9966
vn 0.1979 0.9787 0.0543
vn 0.5717 0.8204 0.0023
vn 0.1665 0.8112 -0.5605
vn 0.0044 0.9985 0.0537
vn -0.0304 0.7641 -0.6443
vn 0.0058 0.9986 0.0523
vn 0.0102 0.5909 0.8067
vn 0.0935 0.6632 0.7426
vn 0.0979 -0.0222 0.9949
vn 0.0272 -0.0411 0.9988
vn -0.0172 0.1975 -0.9801
vn -0.0358 0.5061 -0.8617
vn -0.2472 -0.3072 -0.9189
vn -0.0390 0.1765 -0.9835
vn -0.0447 0.4785 -0.8769
vn 0.0789 0.0236 0.9966
vn 0.0273 -0.5709 0.8206
vn -0.0462 0.7596 -0.6487
vn -0.0564 0.3738 -0.9258
vn -0.0357 0.3759 -0.9260
vn -0.3994 0.2193 -0.8902
vn 0.0169 -0.2004 0.9796
vn 0.0196 -0.5716 0.8203
vn 0.2058 0.9564 -0.2071
vn 0.1378 0.8652 -0.4820
vn 0.1086 0.7219 -0.6834
vn -0.0305 -0.7582 -0.6513
vn -0.0620 -0.2162 -0.9744
vn -0.1004 -0.0831 0.9915
vn 0.1301 -0.3983 -0.9080
vn 0.2013 0.8865 0.4167
vn 0.1844 -0.8686 -0.4598
vn -0.0299 -0.1871 -0.9819
vn -0.0505 -0.3169 -0.9471
vn -0.0382 -0.4411 -0.8966
vn -0.0366 -0.5021 -0.8640
vn -0.0440 -0.4753 -0.8787
vn 0.0761 -0.7016 -0.7084
vn 0.0124 -0.6110 0.7915
vn -0.0172 -0.5177 0.8554
vn 0.1269 -0.7504 0.6486
vn -0.0250 -0.5139 0.8574
vn 0.2447 0.6161 0.7486
vn 0.0164 0.5731 0.8193
vn 0.0531 0.5608 0.8262
vn -0.0131 0.5274 0.8495
vn 0.7223 -0.3324 -0.6064
vn -0.0123 -0.9816 -0.1904
vn -0.0123 -0.9999 0.0006
vn -0.0122 -0.9231 -0.3843
vn -0.0119 -0.8290 -0.5591
vn -0.0260 -0.7050 -0.7086
vn -0.0116 -0.7060 -0.7081
vn -0.0282 -0.5521 -0.8333
vn -0.0115 -0.5555 -0.8314
vn -0.0276 -0.3793 -0.9248
vn -0.0113 -0.3826 -0.9238
vn -0.0277 -0.1968 -0.9800
vn -0.0111 -0.1950 -0.9807
vn -0.0276 -0.0028 -0.9996
vn -0.0109 0.0000 -0.9999
vn -0.0271 0.1895 -0.9815
vn -0.0108 0.1951 -0.9807
vn -0.0274 0.3768 -0.9258
vn -0.0106 0.3826 -0.9238
vn -0.0105 0.5555 -0.8314
vn -0.0104 0.7066 -0.7075
vn -0.0105 0.8289 -0.5593
vn -0.0106 0.9223 -0.3863
vn -0.0105 0.9807 -0.1953
vn -0.0106 0.9999 -0.0044
vn -0.0251 0.9817 0.1887
vn -0.0106 0.9815 0.1910
vn -0.0273 0.9216 0.3872
vn -0.0106 0.9238 0.3826
vn -0.0270 0.8285 0.5593
vn -0.0107 0.8314 0.5555
vn -0.0272 0.7096 0.7041
vn -0.0109 0.7071 0.7071
vn -0.0280 0.5546 0.8317
vn -0.0110 0.5555 0.8314
vn -0.0276 0.3781 0.9253
vn -0.0112 0.3826 0.9238
vn -0.0280 0.1936 0.9807
vn -0.0114 0.1951 0.9807
vn -0.0282 -0.0003 0.9996
vn -0.0116 0.0000 0.9999
vn -0.0284 -0.1964 0.9801
vn -0.0117 -0.1950 0.9807
vn -0.0286 -0.3828 0.9234
vn -0.0119 -0.3826 0.9238
vn -0.0287 -0.5565 0.8303
vn -0.0120 -0.5555 0.8314
vn -0.0288 -0.7071 0.7065
vn -0.0121 -0.7070 0.7071
vn -0.0286 -0.8289 0.5585
vn -0.0121 -0.8314 0.5555
vn -0.0290 -0.9220 0.3862
vn -0.0122 -0.9238 0.3826
vn -0.0266 -0.9814 0.1901
vn -0.0123 -0.9813 0.1922
vn -0.0415 -0.9198 0.3900
vn -0.0461 -0.7703 0.6359
vn -0.0453 -0.4765 0.8780
vn -0.0716 -0.1053 0.9919
vn -0.0450 -0.1035 0.9936
vn -0.0455 0.2827 0.9581
vn -0.0418 0.5580 0.8288
vn -0.0444 0.7697 0.6368
vn -0.0403 0.9167 0.3974
vn -0.0527 0.3668 -0.9288
vn -0.0515 -0.2543 -0.9657
vn -0.0532 -0.4613 -0.8856
vn -0.0453 -0.6734 -0.7379
vn 0.7216 -0.6923 0.0002
vn 0.7217 -0.6790 -0.1347
vn 0.7217 -0.6396 -0.2644
vn 0.1027 -0.9198 -0.3787
vn 0.7218 -0.5757 -0.3840
vn 0.7219 -0.4897 -0.4889
vn -0.0012 -0.7071 -0.7071
vn -0.0010 -0.5556 -0.8314
vn 0.7220 -0.3849 -0.5749
vn 0.7221 -0.2653 -0.6389
vn 0.1033 -0.5550 -0.8254
vn -0.0009 -0.3827 -0.9239
vn -0.0006 -0.1951 -0.9808
vn 0.7222 -0.1356 -0.6782
vn 0.7223 -0.0006 -0.6915
vn 0.7224 0.1343 -0.6783
vn 0.7225 0.2641 -0.6389
vn 0.1043 0.3779 -0.9199
vn -0.0001 0.3827 -0.9239
vn 0.0000 0.5556 -0.8314
vn 0.7225 0.3837 -0.5750
vn 0.7226 0.4886 -0.4890
vn 0.7226 0.5746 -0.3841
vn 0.1046 0.8253 -0.5548
vn 0.7226 0.6386 -0.2645
vn 0.7226 0.6779 -0.1347
vn 0.7226 0.6912 0.0002
vn 0.1050 0.9944 0.0000
vn 0.7226 0.6779 0.1352
vn 0.7225 0.6385 0.2650
vn 0.7224 0.5746 0.3846
vn 0.7223 0.4885 0.4894
vn 0.7223 0.3837 0.5754
vn 0.1038 0.5502 0.8285
vn 0.7221 0.2641 0.6393
vn 0.7220 0.1343 0.6787
vn 0.7219 -0.0006 0.6919
vn 0.1032 -0.0029 0.9946
vn 0.7218 -0.1356 0.6786
vn 0.7218 -0.2653 0.6392
vn 0.7217 -0.3849 0.5753
vn 0.1028 -0.5550 0.8255
vn 0.7216 -0.4897 0.4893
vn 0.7216 -0.5757 0.3845
vn 0.7216 -0.6396 0.2649
vn -0.0018 -0.9239 0.3827
vn -0.0018 -0.9808 0.1951
vn 0.7216 -0.6790 0.1351
vn 0.0816 -0.5559 0.8272
vn 0.6778 -0.5201 0.5197
vn 0.6777 -0.6114 0.4084
vn 0.6779 -0.6793 -0.2809
vn 0.6780 -0.6115 -0.4080
vn -0.6843 0.6066 0.4046
vn -0.6845 0.5159 0.5150
vn -0.6829 0.5170 0.5161
vn -0.6828 0.6078 0.4054
vn 0.6777 -0.6793 0.2814
vn 0.6781 -0.5201 -0.5193
vn -0.6841 0.6741 0.2787
vn -0.6826 0.6753 0.2792
vn 0.6777 -0.7212 0.1435
vn 0.6782 -0.4088 -0.6107
vn -0.6839 0.7156 0.1419
vn -0.6825 0.7168 0.1422
vn 0.6783 -0.2817 -0.6786
vn -0.6838 0.7297 -0.0002
vn -0.6825 0.7309 -0.0002
vn 0.6784 -0.1439 -0.7205
vn -0.6837 0.7157 -0.1425
vn -0.6824 0.7169 -0.1427
vn 0.6785 -0.0006 -0.7346
vn -0.6837 0.6742 -0.2792
vn -0.6824 0.6753 -0.2797
vn 0.6786 0.1428 -0.7205
vn -0.6837 0.6068 -0.4053
vn -0.6824 0.6078 -0.4059
vn 0.6787 0.2806 -0.6787
vn -0.6838 0.5161 -0.5157
vn -0.6825 0.5170 -0.5166
vn 0.6788 0.4076 -0.6108
vn -0.6840 0.4056 -0.6063
vn -0.6826 0.4064 -0.6074
vn 0.6788 0.5190 -0.5194
vn -0.6843 0.1429 -0.7150
vn -0.6841 0.2796 -0.6736
vn -0.6827 0.2801 -0.6749
vn -0.6828 0.1431 -0.7164
vn 0.6789 0.6104 -0.4080
vn -0.6846 0.0007 -0.7289
vn -0.6830 0.0006 -0.7304
vn 0.6789 0.6783 -0.2810
vn -0.6848 -0.1414 -0.7148
vn -0.6831 -0.1418 -0.7164
vn -0.6856 -0.5142 -0.5152
vn -0.6854 -0.4039 -0.6058
vn -0.6835 -0.4050 -0.6073
vn -0.6836 -0.5156 -0.5165
vn -0.0018 -1.0000 0.0000
vn -0.0017 -0.9808 -0.1951
vn -0.6862 -0.7133 -0.1423
vn -0.6863 -0.7273 -0.0002
vn -0.0016 -0.9239 -0.3827
vn -0.6860 -0.6720 -0.2789
vn -0.0014 -0.8314 -0.5556
vn -0.6858 -0.6048 -0.4048
vn -0.6851 -0.2781 -0.6732
vn -0.0005 0.0000 -1.0000
vn -0.0003 0.1951 -0.9808
vn 0.0001 0.7071 -0.7071
vn 0.0002 0.8314 -0.5556
vn 0.0002 0.9239 -0.3827
vn 0.0002 0.9808 -0.1951
vn 0.0001 1.0000 0.0000
vn 0.0001 0.9808 0.1951
vn -0.0000 0.9239 0.3827
vn -0.0002 0.8314 0.5556
vn -0.0004 0.7071 0.7071
vn -0.0005 0.5556 0.8314
vn -0.6847 0.4055 0.6055
vn -0.0008 0.3827 0.9239
vn -0.6850 0.2795 0.6728
vn -0.0009 0.1951 0.9808
vn -0.6853 0.1428 0.7141
vn -0.0012 0.0000 1.0000
vn -0.6855 0.0007 0.7280
vn -0.0013 -0.1951 0.9808
vn -0.6857 -0.1414 0.7140
vn -0.0015 -0.3827 0.9239
vn -0.6860 -0.2779 0.6724
vn -0.0016 -0.5556 0.8314
vn -0.6861 -0.4038 0.6051
vn -0.0017 -0.7071 0.7071
vn -0.6863 -0.5141 0.5145
vn -0.0018 -0.8314 0.5556
vn -0.6864 -0.6046 0.4042
vn -0.6864 -0.6718 0.2783
vn -0.6864 -0.7133 0.1418
vn 0.6789 0.7201 -0.1431
vn -0.6833 -0.2787 -0.6748
vn 0.6789 0.7342 0.0002
vn -0.7299 0.6316 -0.2615
vn -0.7299 0.6704 -0.1335
vn -0.6857 0.7139 -0.1421
vn -0.6857 0.6725 -0.2785
vn 0.6787 0.6783 0.2814
vn 0.6786 0.6104 0.4084
vn -0.7299 0.5685 -0.3796
vn -0.6857 0.6053 -0.4042
vn 0.6785 0.5190 0.5198
vn -0.7299 0.4836 -0.4831
vn -0.6857 0.5148 -0.5145
vn 0.6784 0.4076 0.6112
vn -0.7299 0.3801 -0.5681
vn -0.6858 0.4047 -0.6049
vn 0.6783 0.2806 0.6790
vn -0.7299 0.1340 -0.6703
vn -0.7299 0.2621 -0.6313
vn -0.6858 0.2789 -0.6722
vn -0.6859 0.1425 -0.7136
vn 0.6782 0.1427 0.7208
vn -0.7299 0.0007 -0.6836
vn -0.6859 0.0006 -0.7276
vn 0.6781 -0.0006 0.7349
vn -0.7299 -0.1326 -0.6706
vn -0.6860 -0.1413 -0.7137
vn 0.6780 -0.1439 0.7208
vn -0.7299 -0.3792 -0.5687
vn -0.7299 -0.2609 -0.6318
vn -0.6861 -0.2778 -0.6724
vn -0.6862 -0.4036 -0.6052
vn 0.6779 -0.2817 0.6790
vn -0.7299 -0.5680 -0.3803
vn -0.7299 -0.4829 -0.4838
vn -0.6862 -0.5139 -0.5147
vn -0.6863 -0.6044 -0.4045
vn 0.6778 -0.4088 0.6111
vn 0.6778 -0.7353 0.0002
vn 0.6778 -0.7212 -0.1431
vn -0.7299 -0.6313 -0.2620
vn -0.6864 -0.6717 -0.2787
vn -0.7299 -0.6703 -0.1337
vn -0.6864 -0.7132 -0.1422
vn -0.7299 -0.6704 0.1332
vn -0.7299 -0.6836 -0.0002
vn -0.6865 -0.7272 -0.0002
vn -0.6865 -0.7132 0.1418
vn -0.0530 -0.9226 0.3821
vn -0.6842 -0.6738 0.2791
vn -0.6842 -0.7153 0.1422
vn -0.0530 -0.9794 0.1948
vn -0.0528 0.3822 -0.9225
vn -0.0528 0.5548 -0.8303
vn -0.0529 -0.3821 -0.9226
vn -0.0529 -0.1947 -0.9794
vn -0.0529 -0.7061 -0.7061
vn -0.0529 -0.5547 -0.8303
vn -0.6831 0.4063 0.6069
vn -0.6832 0.2801 0.6743
vn -0.6834 0.1431 0.7158
vn -0.6836 0.0006 0.7299
vn -0.6837 -0.1418 0.7158
vn -0.6839 -0.2787 0.6742
vn -0.6840 -0.4049 0.6067
vn -0.6841 -0.5155 0.5159
vn -0.6842 -0.6063 0.4053
vn -0.6840 -0.7154 -0.1426
vn -0.6841 -0.7294 -0.0002
vn -0.6839 -0.6738 -0.2796
vn 0.6788 0.7201 0.1436
vn -0.6838 -0.6064 -0.4058
vn 1.0000 -0.0009 0.0006
vn -0.7299 -0.5683 0.3799
vn -0.7299 -0.6315 0.2616
vn -0.6865 -0.6718 0.2783
vn -0.6865 -0.6045 0.4041
vn -0.0530 -0.9986 0.0000
vn -0.0530 -0.9794 -0.1948
vn -0.0530 -0.9225 -0.3822
vn -0.0529 -0.8303 -0.5548
vn -0.0529 0.0000 -0.9986
vn -0.0528 0.1949 -0.9794
vn -0.0528 0.7061 -0.7061
vn -0.0528 0.8303 -0.5548
vn -0.0528 0.9226 -0.3821
vn -0.0528 0.9794 -0.1948
vn -0.0528 0.9986 0.0000
vn -0.7299 0.6836 -0.0002
vn -0.0528 0.9794 0.1948
vn -0.7299 0.6705 0.1330
vn -0.0528 0.9226 0.3821
vn -0.7299 0.6317 0.2611
vn -0.0528 0.8303 0.5547
vn -0.7299 0.5687 0.3793
vn -0.0529 0.7061 0.7061
vn -0.7299 0.4838 0.4829
vn -0.0529 0.5548 0.8303
vn -0.7299 0.3804 0.5679
vn -0.0529 0.3822 0.9225
vn -0.7299 0.2622 0.6312
vn -0.0529 0.1949 0.9794
vn -0.7299 0.1341 0.6703
vn -0.0529 0.0000 0.9986
vn -0.7299 0.0007 0.6836
vn -0.0529 -0.1947 0.9794
vn -0.7299 -0.1327 0.6706
vn -0.0529 -0.3821 0.9226
vn -0.7299 -0.2611 0.6317
vn -0.0530 -0.5547 0.8303
vn -0.7299 -0.3794 0.5686
vn -0.0530 -0.7061 0.7061
vn -0.7299 -0.4831 0.4836
vn -0.0530 -0.8303 0.5548
vn -0.6864 -0.5140 0.5144
vn -0.6864 -0.4037 0.6048
vn -0.6863 -0.2778 0.6721
vn -0.6863 -0.1413 0.7134
vn -0.6862 0.0006 0.7274
vn -0.6861 0.1426 0.7133
vn -0.6861 0.2790 0.6719
vn -0.6860 0.4048 0.6046
vn -0.6859 0.5150 0.5141
vn -0.6858 0.6054 0.4039
vn -0.6858 0.6726 0.2781
vn -0.6857 0.7139 0.1416
vn -0.6857 0.7279 -0.0002
vn -0.3755 -0.1410 -0.9160
vn 0.3755 -0.1410 -0.9160
vn 0.3755 -0.3170 -0.8709
vn -0.3755 -0.3170 -0.8709
vn -0.8489 -0.3555 -0.3911
vn -0.9774 0.1461 0.1530
vn -0.9528 0.1628 0.2561
vn -0.9000 -0.2231 -0.3745
vn -0.8316 -0.4459 -0.3310
vn -0.9822 0.1458 0.1179
vn -0.9729 0.2072 0.1023
vn -0.8604 -0.4634 -0.2120
vn -0.9444 0.3211 0.0705
vn -0.9013 -0.4190 -0.1095
vn -0.9049 -0.4253 -0.0135
vn -0.9480 0.3176 0.0220
vn -0.8547 -0.5128 0.0806
vn -0.9748 0.2205 -0.0328
vn -0.9757 0.2054 -0.0759
vn -0.8531 -0.4915 0.1751
vn -0.9697 0.2111 -0.1229
vn -0.8655 -0.4240 0.2666
vn -0.9505 0.2260 -0.2132
vn -0.8851 -0.3468 0.3103
vn -0.9321 0.2160 -0.2908
vn -0.9163 -0.2355 0.3240
vn -0.6381 -0.3152 0.7025
vn -0.8045 0.2626 -0.5327
vn -0.9492 0.1569 0.2728
vn -0.1026 -0.2200 0.9701
vn -0.9940 -0.0187 -0.1077
vn -0.7163 -0.0441 0.6963
vn -0.9015 0.0678 0.4274
vn -0.9482 -0.0456 -0.3144
vn -0.8415 0.1852 0.5075
vn -0.9825 -0.0613 -0.1758
vn -0.8895 0.2288 0.3954
vn -0.9637 -0.1552 -0.2171
vn -0.8246 -0.3790 -0.4200
vn -0.9937 0.0529 0.0992
vn -0.7062 -0.5656 -0.4258
vn -0.9991 0.0411 0.0093
vn -0.7648 -0.5787 -0.2831
vn -0.9918 0.1124 0.0601
vn -0.9627 0.2645 0.0572
vn -0.8762 -0.4668 -0.1198
vn -0.9189 -0.3942 -0.0128
vn -0.9262 0.3765 0.0199
vn -0.8959 -0.4390 0.0683
vn -0.9452 0.3227 -0.0489
vn -0.8833 -0.4497 0.1321
vn -0.9520 0.2754 -0.1336
vn -0.9197 -0.3414 0.1940
vn -0.9256 0.3177 -0.2055
vn -0.9352 -0.2547 0.2460
vn -0.9127 0.3050 -0.2720
vn -0.9248 -0.2472 0.2892
vn -0.9221 0.2071 -0.3268
vn -0.9159 0.1695 -0.3639
vn -0.9326 -0.1527 0.3270
vn -0.4362 -0.0890 0.8954
vn -0.9207 0.0986 -0.3775
vn -0.6999 -0.0172 0.7140
vn -0.9745 0.0256 -0.2229
vn -0.9324 0.0594 0.3565
vn -0.9160 -0.0572 -0.3970
vn -0.9321 0.1279 0.3389
vn -0.9162 -0.1339 -0.3775
vn -0.3755 -0.5480 0.7474
vn 0.3755 -0.5480 0.7474
vn 0.3755 -0.3917 0.8400
vn -0.3755 -0.3917 0.8400
vn -0.3925 0.6781 -0.6214
vn 0.3925 0.6781 -0.6214
vn 0.3925 0.7863 -0.4771
vn -0.3925 0.7863 -0.4771
vn -0.3925 0.5438 -0.7417
vn 0.3925 0.5438 -0.7417
vn -0.3925 0.8643 -0.3146
vn 0.3925 0.8643 -0.3146
vn 0.3925 0.9090 -0.1399
vn -0.3925 0.9090 -0.1399
vn -0.3925 0.8336 0.3887
vn 0.3925 0.8336 0.3887
vn 0.3925 0.7417 0.5438
vn -0.3925 0.7417 0.5438
vn -0.3925 -0.9189 -0.0401
vn 0.3925 -0.9189 -0.0401
vn 0.3925 -0.8934 -0.2186
vn -0.3925 -0.8934 -0.2186
vn -0.3925 -0.2186 0.8934
vn 0.3925 -0.2186 0.8934
vn 0.3925 -0.3887 0.8336
vn -0.3925 -0.3887 0.8336
vn -0.3925 0.0401 -0.9189
vn 0.3925 0.0401 -0.9189
vn 0.3925 0.2186 -0.8934
vn -0.3925 0.2186 -0.8934
vn 0.3925 0.9189 0.0401
vn -0.3925 0.9189 0.0401
vn -0.3925 0.3146 0.8643
vn 0.3925 0.3146 0.8643
vn 0.3925 0.1399 0.9090
vn -0.3925 0.1399 0.9090
vn -0.3925 -0.6781 0.6214
vn 0.3925 -0.6781 0.6214
vn 0.3925 -0.7863 0.4771
vn -0.3925 -0.7863 0.4771
vn -0.3925 -0.7417 -0.5438
vn 0.3925 -0.7417 -0.5438
vn 0.3925 -0.6214 -0.6781
vn -0.3925 -0.6214 -0.6781
vn -0.3925 -0.8336 -0.3887
vn 0.3925 -0.8336 -0.3887
vn -0.3925 0.8934 0.2186
vn 0.3925 0.8934 0.2186
vn 0.3925 -0.4771 -0.7863
vn -0.3925 -0.4771 -0.7863
vn -0.3755 -0.7474 -0.5480
vn 0.3755 -0.7474 -0.5480
vn 0.3755 -0.8400 -0.3917
vn -0.3755 -0.8400 -0.3917
vn -0.3925 0.4771 0.7863
vn 0.3925 0.4771 0.7863
vn -0.3925 -0.1399 -0.9090
vn 0.3925 -0.1399 -0.9090
vn 0.3925 -0.3146 -0.8643
vn -0.3925 -0.3146 -0.8643
vn 0.3925 -0.5438 0.7417
vn -0.3925 -0.5438 0.7417
vn 0.3925 0.3887 -0.8336
vn -0.3925 0.3887 -0.8336
vn -0.3925 -0.9090 0.1399
vn 0.3925 -0.9090 0.1399
vn 0.3925 -0.8643 0.3146
vn -0.3925 -0.8643 0.3146
vn -0.3925 -0.0401 0.9189
vn 0.3925 -0.0401 0.9189
vn 0.3925 0.6214 0.6781
vn -0.3925 0.6214 0.6781
vn -0.3755 0.8400 0.3917
vn 0.3755 0.8400 0.3917
vn 0.3755 0.9002 0.2203
vn -0.3755 0.9002 0.2203
vn 0.9200 0.1471 0.3632
vn 0.9270 -0.1130 -0.3576
vn 0.9179 -0.1903 -0.3482
vn 0.9283 0.2074 0.3084
vn 0.9427 -0.1922 0.2728
vn 0.9410 -0.1502 0.3032
vn 0.9071 0.1714 -0.3844
vn 0.9050 0.2561 -0.3396
vn 0.9078 0.0839 -0.4109
vn 0.9162 0.0134 -0.4004
vn 0.9304 -0.0199 0.3659
vn 0.9348 -0.0978 0.3413
vn 0.9231 0.0649 0.3790
vn 0.9249 -0.0506 -0.3767
vn 0.9286 -0.2125 0.3041
vn 0.9157 0.2482 -0.3159
vn 0.9014 0.1874 -0.3902
vn 0.9433 -0.1358 0.3029
vn 0.8449 -0.4098 -0.3436
vn 0.8861 -0.3848 -0.2583
vn 0.9323 0.2861 0.2211
vn 0.9451 0.2111 0.2493
vn 0.8958 0.3943 -0.2048
vn 0.9178 0.3013 -0.2584
vn 0.9320 -0.2516 0.2609
vn 0.9441 -0.2658 0.1948
vn 0.9756 -0.2052 -0.0775
vn 0.9633 -0.2681 -0.0161
vn 0.8728 0.4876 0.0193
vn 0.8502 0.5159 0.1047
vn 0.3755 -0.4808 -0.7923
vn -0.3755 -0.4808 -0.7923
vn 0.9106 0.3862 -0.1469
vn 0.9323 -0.3423 0.1167
vn 0.9692 -0.2080 -0.1319
vn 0.8550 0.4846 0.1848
vn 0.9339 -0.3544 0.0474
vn 0.9192 -0.3764 0.1154
vn 0.9257 0.3496 -0.1444
vn 0.9133 0.4015 -0.0684
vn -0.3755 0.7923 -0.4808
vn 0.3755 0.7923 -0.4808
vn 0.3755 0.6833 -0.6261
vn -0.3755 0.6833 -0.6261
vn 0.9515 -0.0756 0.2982
vn 0.8922 0.1048 -0.4392
vn -0.3755 -0.2203 0.9002
vn 0.3755 -0.2203 0.9002
vn 0.3755 -0.0404 0.9259
vn -0.3755 -0.0404 0.9259
vn 0.8950 -0.1956 -0.4009
vn 0.9574 0.1522 0.2452
vn 0.9448 0.2461 0.2161
vn 0.9005 -0.2847 -0.3286
vn 0.9148 0.3518 -0.1984
vn 0.9341 -0.2889 0.2096
vn 0.9418 -0.2280 0.2470
vn 0.9080 0.3280 -0.2604
vn -0.3755 0.9259 0.0404
vn 0.3755 0.9259 0.0404
vn 0.3755 0.9160 -0.1410
vn -0.3755 0.9160 -0.1410
vn 0.9539 -0.0092 0.2997
vn 0.8917 0.0226 -0.4520
vn -0.3755 0.3170 0.8709
vn 0.3755 0.3170 0.8709
vn 0.3755 0.4808 0.7923
vn -0.3755 0.4808 0.7923
vn 0.9292 0.3570 0.0953
vn 0.9326 0.3606 0.0169
vn 0.9159 -0.4011 -0.0147
vn 0.9380 -0.3357 -0.0858
vn 0.9166 -0.3969 0.0478
vn 0.9317 0.3567 -0.0686
vn 0.9279 -0.3362 -0.1613
vn 0.9185 0.3605 0.1626
vn 0.9389 0.2716 0.2114
vn 0.9072 -0.3445 -0.2415
vn 0.3755 0.8709 -0.3170
vn -0.3755 0.8709 -0.3170
vn 0.9395 0.0623 0.3366
vn 0.9081 -0.0548 -0.4151
vn 0.3755 0.6261 0.6833
vn -0.3755 0.6261 0.6833
vn -0.3755 0.7474 0.5480
vn 0.3755 0.7474 0.5480
vn -0.3755 0.1410 0.9160
vn 0.3755 0.1410 0.9160
vn -0.3755 -0.9259 -0.0404
vn 0.3755 -0.9259 -0.0404
vn 0.3755 -0.9160 0.1410
vn -0.3755 -0.9160 0.1410
vn 0.8990 -0.1586 -0.4082
vn 0.9451 0.1050 0.3094
vn -0.3755 -0.6833 0.6261
vn 0.3755 -0.6833 0.6261
vn -0.3755 -0.7923 0.4808
vn 0.3755 -0.7923 0.4808
vn -0.3755 0.5480 -0.7474
vn 0.3755 0.5480 -0.7474
vn 0.3755 0.3917 -0.8400
vn -0.3755 0.3917 -0.8400
vn 0.3755 0.2203 -0.9002
vn -0.3755 0.2203 -0.9002
vn 0.3755 0.0404 -0.9259
vn -0.3756 0.0404 -0.9259
vn -0.3755 -0.6261 -0.6833
vn 0.3755 -0.6261 -0.6833
vn -0.3755 -0.9002 -0.2203
vn 0.3755 -0.9002 -0.2203
vn -0.3755 -0.8709 0.3170
vn 0.3755 -0.8709 0.3170
g oar_oar.001_wear_3
usemtl wear_3
s 1
f 113/1/1 73/2/2 22/3/3
f 39/4/4 114/5/5 123/6/6
f 54/7/7 71/8/8 52/9/9
f 70/10/10 108/11/11 27/12/12
f 68/13/13 90/14/14 70/10/10
f 70/10/10 91/15/15 108/11/11
f 112/16/16 78/17/17 79/18/18
f 111/19/19 79/18/18 80/20/20
f 87/21/21 222/22/22 89/23/23
f 90/14/14 77/24/24 91/15/15
f 91/15/15 77/24/24 92/25/25
f 79/18/18 74/26/26 75/27/27
f 103/28/28 45/29/29 102/30/30
f 38/31/31 44/32/32 46/33/33
f 109/34/34 59/35/35 56/36/36
f 56/36/36 110/37/37 109/34/34
f 26/38/38 51/39/39 1/40/40
f 1/41/40 51/42/39 52/43/9
f 52/9/9 72/44/41 1/45/40
f 42/46/42 21/47/43 2/48/44
f 8/49/45 11/50/46 16/51/47
f 16/52/47 11/53/46 10/54/48
f 24/55/49 25/56/50 73/2/2
f 29/57/51 23/58/52 101/59/53
f 49/60/54 11/53/46 50/61/55
f 37/62/56 38/63/31 34/64/57
f 98/65/58 77/24/24 76/66/59
f 116/67/60 117/68/61 118/69/62
f 227/70/63 116/67/60 118/69/62
f 120/71/64 119/72/65 121/73/66
f 9/74/67 8/49/45 15/75/68
f 15/75/68 218/76/69 9/74/67
f 20/77/70 18/78/71 19/79/72
f 2/80/44 3/81/73 44/32/32
f 39/4/4 42/82/42 40/83/74
f 52/43/9 53/84/75 54/85/7
f 112/16/16 53/86/75 26/38/38
f 56/36/36 58/87/76 110/37/37
f 63/88/77 64/89/78 107/90/79
f 80/20/20 79/18/18 220/91/80
f 82/92/81 195/93/82 81/94/83
f 87/21/21 88/95/84 223/96/85
f 100/97/86 98/65/58 99/98/87
f 99/98/87 29/99/51 101/100/53
f 93/101/88 106/102/89 49/60/54
f 106/102/89 10/54/48 49/60/54
f 47/103/90 104/104/91 105/105/92
f 105/105/92 49/60/54 47/103/90
f 103/28/28 98/65/58 97/106/93
f 14/107/94 120/71/64 121/73/66
f 121/73/66 122/108/95 32/109/96
f 35/110/97 32/109/96 122/108/95
f 11/111/46 8/112/45 30/113/98
f 286/114/99 124/115/100 287/116/101
f 125/117/102 289/118/103 288/119/104
f 125/117/102 290/120/105 289/118/103
f 290/120/105 126/121/106 291/122/107
f 127/123/108 292/124/109 291/122/107
f 292/125/109 127/126/108 293/127/110
f 128/128/111 295/129/112 294/130/113
f 129/131/114 297/132/115 296/133/116
f 130/134/117 299/135/118 298/136/119
f 300/137/120 131/138/121 301/139/122
f 303/140/123 133/141/124 304/142/125
f 304/142/125 133/141/124 305/143/126
f 184/144/127 186/145/128 177/146/129
f 184/144/127 189/147/130 186/145/128
f 202/148/131 203/149/132 201/150/133 200/151/134
f 222/152/22 207/153/135 76/154/59
f 201/150/133 87/155/21 223/156/85
f 118/157/62 171/158/136 227/159/63
f 227/70/63 75/27/27 115/160/137 116/67/60
f 227/159/63 175/161/138 177/162/129
f 227/159/63 171/158/136 175/161/138
f 285/163/139 234/164/140 265/165/141
f 283/166/142 263/167/143 262/168/144
f 281/169/145 260/170/146 259/171/147
f 280/172/148 258/173/149 257/174/150
f 278/175/151 255/176/152 254/177/153
f 276/178/154 252/179/155 251/180/156
f 248/181/157 274/182/158 249/183/159
f 246/184/160 273/185/161 247/186/162
f 243/187/163 271/188/164 244/189/165
f 240/190/166 269/191/167 241/192/168
f 237/193/169 267/194/170 238/195/171
f 235/196/172 266/197/173 236/198/174
f 283/199/142 304/200/125 284/201/175
f 281/202/145 302/203/176 282/204/177
f 280/205/148 301/206/122 281/202/145
f 278/207/151 299/208/118 279/209/178
f 277/210/179 298/211/119 278/207/151
f 275/212/180 296/213/116 276/214/154
f 294/215/113 274/216/158 273/217/161
f 293/218/110 273/217/161 272/219/181
f 291/220/107 271/221/164 270/222/182
f 286/223/99 266/224/173 285/225/139
f 4/226/183 13/227/184 20/228/70 7/229/185
f 60/230/186 64/231/78 67/232/187 57/233/188
f 84/234/189 12/235/190 5/236/191 61/237/192
f 223/96/85 88/95/84 86/238/193 224/239/194
f 16/51/47 15/75/68 8/49/45
f 74/26/26 78/17/17 73/2/2
f 78/17/17 24/55/49 73/2/2
f 29/99/51 99/98/87 102/30/30 43/240/195
f 224/239/194 86/238/193 85/241/196 226/242/197
f 38/31/31 2/80/44 44/32/32
f 114/5/5 39/4/4 36/243/198 115/160/137
f 33/244/199 37/62/56 34/64/57
f 123/6/6 114/5/5 113/1/1
f 69/245/200 54/7/7 57/233/188 67/232/187
f 52/9/9 71/8/8 72/44/41
f 54/7/7 69/245/200 71/8/8
f 74/26/26 114/5/5 115/160/137 75/27/27
f 99/98/87 98/65/58 103/28/28 102/30/30
f 98/65/58 100/97/86 77/24/24
f 100/97/86 101/100/53 77/24/24
f 90/14/14 68/13/13 66/246/201 89/23/23
f 88/95/84 65/247/202 63/88/77
f 28/248/203 27/12/12 108/11/11 92/25/25
f 70/10/10 90/14/14 91/15/15
f 108/11/11 91/15/15 92/25/25
f 83/249/204 84/234/189 61/237/192 59/35/35
f 86/238/193 63/88/77 107/90/79 85/241/196
f 80/20/20 82/92/81 109/34/34 110/37/37
f 111/19/19 112/16/16 79/18/18
f 110/37/37 111/19/19 80/20/20
f 24/55/49 78/17/17 112/16/16 26/38/38
f 89/23/23 66/246/201 65/247/202 88/95/84
f 101/100/53 28/248/203 92/25/25 77/24/24
f 63/88/77 86/238/193 88/95/84
f 90/14/14 76/66/59 77/24/24
f 34/64/57 30/250/98 31/251/205 33/244/199
f 75/27/27 227/70/63 186/252/128 220/91/80 79/18/18
f 72/253/41 27/254/12 1/255/40
f 82/92/81 83/249/204 59/35/35 109/34/34
f 20/228/70 13/227/184 198/256/206 199/257/207 225/258/208
f 46/33/33 48/259/209 34/260/57 38/31/31
f 98/65/58 76/66/59 231/261/210
f 123/6/6 41/262/211 39/4/4
f 4/263/183 7/264/185 64/231/78 60/230/186
f 29/57/51 3/265/73 21/266/43 25/267/50
f 2/80/44 21/268/43 3/81/73
f 41/262/211 21/269/43 42/82/42
f 15/75/68 16/51/47 17/270/212
f 197/271/213 198/256/206 13/227/184
f 15/75/68 217/272/214 218/76/69
f 1/255/40 27/254/12 23/273/52
f 20/77/70 225/274/208 18/78/71
f 22/3/3 73/2/2 25/56/50
f 28/275/203 101/276/53 23/277/52
f 31/278/205 9/279/67 14/107/94 121/73/66
f 23/58/52 29/57/51 25/267/50
f 49/60/54 10/54/48 11/53/46
f 50/61/55 48/280/209 47/103/90 49/60/54
f 33/281/199 31/278/205 121/73/66 32/109/96
f 37/282/56 33/281/199 32/109/96 35/110/97
f 48/280/209 46/283/33 45/29/29 104/104/91
f 104/104/91 47/103/90 48/280/209
f 35/110/97 36/243/198 37/282/56
f 18/78/71 225/274/208 226/242/197 85/241/196
f 95/284/215 97/106/93 231/261/210 233/285/216
f 98/65/58 231/261/210 97/106/93
f 93/101/88 95/284/215 96/286/217 94/287/218
f 94/287/218 232/288/219 106/102/89 93/101/88
f 17/289/212 106/102/89 232/288/219 216/290/220
f 22/3/3 41/262/211 123/6/6 113/1/1
f 230/291/221 228/292/222 119/72/65 120/71/64
f 219/293/223 230/291/221 120/71/64
f 228/292/222 229/294/224 117/68/61 119/72/65
f 115/160/137 36/243/198 35/110/97 116/67/60
f 104/104/91 103/28/28 97/106/93
f 30/250/98 8/295/45 9/296/67 31/251/205
f 7/297/185 19/79/72 107/90/79 64/89/78
f 14/107/94 219/293/223 120/71/64
f 19/79/72 7/297/185 20/77/70
f 5/236/191 6/298/225 62/299/226 61/237/192
f 219/293/223 14/107/94 9/279/67 218/300/69
f 6/301/225 13/227/184 4/226/183
f 13/227/184 6/301/225 197/271/213
f 16/52/47 10/54/48 17/289/212
f 17/270/212 216/302/220 217/272/214 15/75/68
f 25/56/50 21/269/43 41/262/211 22/3/3
f 25/56/50 24/55/49 26/38/38 1/40/40
f 1/303/40 23/304/52 25/305/50
f 27/254/12 28/306/203 23/273/52
f 85/241/196 107/90/79 19/79/72 18/78/71
f 43/240/195 3/307/73 29/99/51
f 104/104/91 45/29/29 103/28/28
f 73/2/2 113/1/1 114/5/5 74/26/26
f 40/83/74 37/282/56 36/243/198 39/4/4
f 2/48/44 38/63/31 40/308/74 42/46/42
f 37/62/56 40/308/74 38/63/31
f 43/240/195 102/30/30 44/309/32 3/307/73
f 39/4/4 41/262/211 42/82/42
f 102/30/30 45/29/29 46/283/33 44/309/32
f 53/86/75 112/16/16 111/19/19 55/310/227
f 52/43/9 51/42/39 53/84/75
f 26/38/38 53/86/75 51/39/39
f 54/85/7 53/84/75 55/311/227
f 58/312/76 57/313/188 54/85/7 55/311/227
f 55/310/227 111/19/19 110/37/37 58/87/76
f 59/35/35 62/299/226 58/87/76 56/36/36
f 62/314/226 60/315/186 57/313/188 58/312/76
f 6/316/225 4/317/183 60/315/186 62/314/226
f 62/299/226 59/35/35 61/237/192
f 64/89/78 63/88/77 65/247/202 67/318/187
f 68/13/13 69/319/200 67/318/187 66/246/201
f 67/318/187 65/247/202 66/246/201
f 70/10/10 71/320/8 69/319/200 68/13/13
f 27/12/12 72/321/41 71/320/8 70/10/10
f 220/91/80 195/93/82 82/92/81 80/20/20
f 79/18/18 78/17/17 74/26/26
f 82/92/81 81/94/83 221/322/228 83/249/204
f 76/66/59 90/14/14 89/23/23 222/22/22
f 221/322/228 84/234/189 83/249/204
f 88/95/84 87/21/21 89/23/23
f 233/285/216 96/286/217 95/284/215
f 101/100/53 100/97/86 99/98/87
f 117/68/61 229/294/224 118/69/62
f 12/235/190 197/323/213 6/298/225 5/236/191
f 122/108/95 117/68/61 116/67/60 35/110/97
f 117/68/61 122/108/95 121/73/66 119/72/65
f 49/60/54 105/105/92 95/284/215 93/101/88
f 106/102/89 17/289/212 10/54/48
f 97/106/93 95/284/215 105/105/92 104/104/91
f 30/113/98 34/260/57 48/259/209 50/324/55
f 125/117/102 288/119/104 287/116/101 124/115/100
f 50/324/55 11/111/46 30/113/98
f 128/128/111 294/130/113 293/127/110 127/126/108
f 290/120/105 125/117/102 126/121/106
f 126/121/106 127/123/108 291/122/107
f 129/131/114 296/133/116 295/129/112 128/128/111
f 298/136/119 297/132/115 129/131/114 130/134/117
f 300/137/120 299/135/118 130/134/117 131/138/121
f 302/325/176 301/139/122 131/138/121 132/326/229
f 303/140/123 302/325/176 132/326/229 133/141/124
f 124/115/100 286/114/99 305/143/126 133/141/124
f 219/327/223 218/328/69 165/329/230 134/330/231
f 218/328/69 217/331/214 164/332/232 165/329/230
f 164/332/232 217/331/214 216/333/220 163/334/233
f 163/334/233 216/333/220 214/335/234 162/336/235
f 162/336/235 214/335/234 212/337/236 161/338/237
f 161/338/237 212/337/236 211/339/238 160/340/239
f 160/340/239 211/339/238 209/341/240 159/342/241
f 159/342/241 209/341/240 208/343/242 158/344/243
f 158/344/243 208/343/242 206/345/244 157/346/245
f 157/346/245 206/345/244 204/347/246 156/348/247
f 156/348/247 204/347/246 202/349/131 155/350/248
f 155/350/248 202/349/131 200/351/134 154/352/249
f 154/352/249 200/351/134 225/353/208 153/354/250
f 153/354/250 225/353/208 199/355/207 152/356/251
f 152/356/251 199/355/207 198/357/206 151/358/252
f 151/358/252 198/357/206 197/359/213 150/360/253
f 150/360/253 197/359/213 196/361/254 149/362/255
f 196/361/254 193/363/256 148/364/257 149/362/255
f 193/363/256 192/365/258 147/366/259 148/364/257
f 192/365/258 190/367/260 146/368/261 147/366/259
f 190/367/260 187/369/262 145/370/263 146/368/261
f 187/369/262 185/371/264 144/372/265 145/370/263
f 185/373/264 182/374/266 143/375/267 144/376/265
f 182/374/266 181/377/268 142/378/269 143/375/267
f 181/377/268 178/379/270 141/380/271 142/378/269
f 178/379/270 176/381/272 140/382/273 141/380/271
f 176/381/272 173/383/274 139/384/275 140/382/273
f 173/383/274 172/385/276 138/386/277 139/384/275
f 172/385/276 169/387/278 137/388/279 138/386/277
f 169/387/278 167/389/280 136/390/281 137/388/279
f 167/389/280 166/391/282 135/392/283 136/390/281
f 166/391/282 219/327/223 134/330/231 135/392/283
f 171/158/136 118/157/62 168/393/284 170/394/285
f 170/394/285 168/393/284 167/395/280 169/396/278
f 175/161/138 171/158/136 170/394/285 174/397/286
f 169/396/278 172/398/276 170/394/285
f 174/397/286 170/394/285 172/398/276 173/399/274
f 180/400/287 175/161/138 174/397/286 179/401/288
f 173/399/274 176/402/272 174/397/286
f 175/161/138 180/400/287 177/162/129
f 179/401/288 174/397/286 176/402/272 178/403/270
f 184/404/127 180/400/287 179/401/288 183/405/289
f 178/403/270 181/406/268 179/401/288
f 180/400/287 184/404/127 177/162/129
f 183/405/289 179/401/288 181/406/268 182/407/266
f 189/147/130 184/144/127 183/408/289 188/409/290
f 182/407/266 185/410/264 183/405/289
f 188/409/290 183/408/289 185/411/264 187/412/262
f 191/413/291 188/409/290 187/412/262 190/414/260
f 188/409/290 191/413/291 189/147/130
f 195/415/82 189/147/130 191/413/291 194/416/292
f 190/414/260 192/417/258 191/413/291
f 194/416/292 191/413/291 192/417/258 193/418/256
f 221/419/228 81/420/83 195/415/82 194/416/292
f 193/418/256 196/421/254 221/419/228 194/416/292
f 226/422/197 225/423/208 200/151/134 201/150/133 224/424/194
f 222/152/22 203/149/132 205/425/293
f 204/426/246 205/425/293 203/149/132 202/148/131
f 222/152/22 205/425/293 207/153/135
f 206/427/244 207/153/135 205/425/293 204/426/246
f 209/428/240 210/429/294 207/153/135 208/430/242
f 210/429/294 76/154/59 207/153/135
f 207/153/135 206/427/244 208/430/242
f 210/429/294 213/431/295 231/432/210 76/154/59
f 213/431/295 215/433/296 233/434/216 231/432/210
f 210/429/294 209/428/240 211/435/238
f 212/436/236 213/431/295 210/429/294 211/435/238
f 214/437/234 215/433/296 213/431/295 212/436/236
f 223/156/85 224/424/194 201/150/133
f 96/438/217 233/434/216 215/433/296
f 215/433/296 94/439/218 96/438/217
f 216/440/220 232/441/219 94/439/218 215/433/296 214/437/234
f 87/155/21 201/150/133 203/149/132 222/152/22
f 167/395/280 168/393/284 228/442/222 166/443/282
f 166/443/282 228/442/222 230/444/221
f 166/443/282 230/444/221 219/445/223
f 168/393/284 118/157/62 229/446/224 228/442/222
f 220/447/80 186/145/128 189/147/130
f 12/448/190 84/449/189 221/419/228 196/421/254 197/450/213
f 337/451/297 336/452/298 265/453/141 234/454/140
f 186/455/128 227/456/63 177/457/129
f 195/415/82 220/447/80 189/147/130
f 336/452/298 335/458/299 264/459/300 265/453/141
f 335/458/299 334/460/301 263/461/143 264/459/300
f 334/460/301 333/462/302 262/463/144 263/461/143
f 430/464/303 162/465/235 161/466/237 429/467/304
f 332/468/305 331/469/306 260/470/146 261/471/307
f 428/472/308 160/473/239 159/474/241 427/475/309
f 330/476/310 329/477/311 258/478/149 259/479/147
f 329/477/311 328/480/312 257/481/150 258/478/149
f 328/480/312 327/482/313 256/483/314 257/481/150
f 424/484/315 156/485/247 155/486/248 423/487/316
f 326/488/317 325/489/318 254/490/153 255/491/152
f 325/489/318 324/492/319 253/493/320 254/490/153
f 324/492/319 323/494/321 252/495/155 253/493/320
f 323/494/321 322/496/322 251/497/156 252/495/155
f 322/496/322 321/498/323 250/499/324 251/497/156
f 321/498/323 320/500/325 249/501/159 250/499/324
f 320/500/325 319/502/326 248/503/157 249/501/159
f 319/502/326 318/504/327 247/505/162 248/503/157
f 318/504/327 317/506/328 246/507/160 247/505/162
f 317/506/328 316/508/329 245/509/330 246/507/160
f 316/508/329 315/510/331 244/511/165 245/509/330
f 315/512/331 314/513/332 243/514/163 244/515/165
f 314/513/332 313/516/333 242/517/334 243/514/163
f 313/516/333 312/518/335 241/519/168 242/517/334
f 312/518/335 311/520/336 240/521/166 241/519/168
f 311/520/336 310/522/337 239/523/338 240/521/166
f 310/522/337 309/524/339 238/525/171 239/523/338
f 309/524/339 308/526/340 237/527/169 238/525/171
f 308/526/340 307/528/341 236/529/174 237/527/169
f 404/530/342 136/531/281 135/532/283 403/533/343
f 306/534/344 337/451/297 234/454/140 235/535/172
f 265/165/141 264/536/300 284/537/175 285/163/139
f 264/536/300 263/167/143 283/166/142 284/537/175
f 262/168/144 261/538/307 282/539/177 283/166/142
f 261/538/307 260/170/146 281/169/145 282/539/177
f 259/171/147 258/173/149 280/172/148 281/169/145
f 257/174/150 256/540/314 279/541/178 280/172/148
f 256/540/314 255/176/152 278/175/151 279/541/178
f 254/177/153 253/542/320 277/543/179 278/175/151
f 253/542/320 252/179/155 276/178/154 277/543/179
f 251/180/156 250/544/324 275/545/180 276/178/154
f 275/545/180 250/544/324 249/183/159 274/182/158
f 274/182/158 248/181/157 247/186/162 273/185/161
f 273/185/161 246/184/160 245/546/330 272/547/181
f 272/547/181 245/546/330 244/548/165 271/549/164
f 271/188/164 243/187/163 242/550/334 270/551/182
f 270/551/182 242/550/334 241/192/168 269/191/167
f 269/191/167 240/190/166 239/552/338 268/553/345
f 268/553/345 239/552/338 238/195/171 267/194/170
f 267/194/170 237/193/169 236/198/174 266/197/173
f 266/197/173 235/196/172 234/164/140 285/163/139
f 305/554/126 285/225/139 284/201/175 304/200/125
f 305/554/126 286/223/99 285/225/139
f 303/555/123 283/199/142 282/204/177 302/203/176
f 283/199/142 303/555/123 304/200/125
f 300/556/120 280/205/148 279/209/178 299/208/118
f 281/202/145 301/206/122 302/203/176
f 280/205/148 300/556/120 301/206/122
f 298/211/119 277/210/179 276/214/154 297/557/115
f 278/207/151 298/211/119 299/208/118
f 275/212/180 274/216/158 295/558/112 296/213/116
f 276/214/154 296/213/116 297/557/115
f 272/219/181 271/559/164 292/560/109 293/218/110
f 294/215/113 295/558/112 274/216/158
f 293/218/110 294/215/113 273/217/161
f 270/222/182 269/561/167 290/562/105 291/220/107
f 291/220/107 292/563/109 271/221/164
f 269/561/167 268/564/345 289/565/103 290/562/105
f 268/564/345 267/566/170 288/567/104 289/565/103
f 267/566/170 266/224/173 287/568/101 288/567/104
f 286/223/99 287/568/101 266/224/173
f 308/569/340 309/570/339 472/571/346 471/572/347
f 236/529/174 307/528/341 306/534/344 235/535/172
f 334/573/301 335/574/299 498/575/348 497/576/349
f 350/577/350 349/578/351 382/579/352 383/580/353
f 308/569/340 471/572/347 470/581/354 307/582/341
f 334/573/301 497/576/349 496/583/355 333/584/302
f 351/585/356 350/577/350 383/580/353 384/586/357
f 307/582/341 470/581/354 469/587/358 306/588/344
f 333/584/302 496/583/355 495/589/359 332/590/305
f 352/591/360 351/585/356 384/586/357 385/592/361
f 332/590/305 495/589/359 494/593/362 331/594/306
f 353/595/363 352/591/360 385/592/361 386/596/364
f 331/594/306 494/593/362 493/597/365 330/598/310
f 354/599/366 353/595/363 386/596/364 387/600/367
f 330/598/310 493/597/365 492/601/368 329/602/311
f 355/603/369 354/599/366 387/600/367 388/604/370
f 329/602/311 492/601/368 491/605/371 328/606/312
f 356/607/372 355/603/369 388/604/370 389/608/373
f 328/606/312 491/605/371 490/609/374 327/610/313
f 357/611/375 356/607/372 389/608/373 390/612/376
f 327/610/313 490/609/374 489/613/377 326/614/317
f 256/483/314 327/482/313 326/488/317 255/491/152
f 358/615/378 357/611/375 390/612/376 391/616/379
f 326/614/317 489/613/377 488/617/380 325/618/318
f 360/619/381 359/620/382 392/621/383 393/622/384
f 260/470/146 331/469/306 330/476/310 259/479/147
f 325/618/318 488/617/380 487/623/385 324/624/319
f 262/463/144 333/462/302 332/468/305 261/471/307
f 361/625/386 360/619/381 393/622/384 394/626/387
f 324/624/319 487/623/385 486/627/388 323/628/321
f 362/629/389 361/625/386 394/626/387 395/630/390
f 365/631/391 364/632/392 397/633/393 398/634/394
f 434/635/395 433/636/396 368/637/397 369/638/398
f 433/636/396 432/639/399 367/640/400 368/637/397
f 432/639/399 431/641/401 366/642/402 367/640/400
f 431/641/401 430/643/303 365/644/391 366/642/402
f 429/645/304 428/646/308 363/647/403 364/648/392
f 427/649/309 426/650/404 361/651/386 362/652/389
f 426/650/404 425/653/405 360/654/381 361/651/386
f 425/653/405 424/655/315 359/656/382 360/654/381
f 423/657/316 422/658/406 357/659/375 358/660/378
f 422/658/406 421/661/407 356/662/372 357/659/375
f 421/661/407 420/663/408 355/664/369 356/662/372
f 420/663/408 419/665/409 354/666/366 355/664/369
f 419/665/409 418/667/410 353/668/363 354/666/366
f 418/667/410 417/669/411 352/670/360 353/668/363
f 417/669/411 416/671/412 351/672/356 352/670/360
f 416/671/412 415/673/413 350/674/350 351/672/356
f 415/673/413 414/675/414 349/676/351 350/674/350
f 414/675/414 413/677/415 348/678/416 349/676/351
f 413/677/415 412/679/417 347/680/418 348/678/416
f 412/681/417 411/682/419 346/683/420 347/684/418
f 411/682/419 410/685/421 345/686/422 346/683/420
f 410/685/421 409/687/423 344/688/424 345/686/422
f 409/687/423 408/689/425 343/690/426 344/688/424
f 408/689/425 407/691/427 342/692/428 343/690/426
f 407/691/427 406/693/429 341/694/430 342/692/428
f 406/693/429 405/695/431 340/696/432 341/694/430
f 405/695/431 404/697/342 339/698/433 340/696/432
f 403/699/343 434/635/395 369/638/398 338/700/434
f 323/628/321 486/627/388 485/701/435 322/702/322
f 364/632/392 363/703/403 396/704/436 397/633/393
f 363/703/403 362/629/389 395/630/390 396/704/436
f 322/702/322 485/701/435 484/705/437 321/706/323
f 453/707/438 452/708/439 516/709/440 517/710/441
f 319/711/326 482/712/442 481/713/443 318/714/327
f 454/715/444 453/707/438 517/710/441 518/716/445
f 317/717/328 318/714/327 481/713/443 480/718/446
f 455/719/447 454/715/444 518/716/445 519/720/448
f 316/721/329 317/717/328 480/718/446 479/722/449
f 456/723/450 455/719/447 519/720/448 520/724/451
f 315/725/331 316/721/329 479/722/449 478/726/452
f 458/727/453 457/728/454 521/729/455 522/730/456
f 314/731/332 315/732/331 478/733/452 477/734/457
f 459/735/458 458/727/453 522/730/456 523/736/459
f 313/737/333 314/731/332 477/734/457 476/738/460
f 460/739/461 459/735/458 523/736/459 524/740/462
f 312/741/335 313/737/333 476/738/460 475/742/463
f 462/743/464 461/744/465 525/745/466 526/746/467
f 311/747/336 312/741/335 475/742/463 474/748/468
f 464/749/469 463/750/470 527/751/471 528/752/472
f 310/753/337 311/747/336 474/748/468 473/754/473
f 336/755/298 337/756/297 468/757/474 499/758/475
f 465/759/476 464/749/469 528/752/472 529/760/477
f 309/570/339 310/753/337 473/754/473 472/571/346
f 335/574/299 336/755/298 499/758/475 498/575/348
f 466/761/478 465/759/476 529/760/477 530/762/479
f 436/763/480 435/764/481 467/765/482 500/766/483
f 435/764/481 466/761/478 530/762/479 467/765/482
f 532/767/484 372/768/485 371/769/486 531/770/487
f 552/771/488 392/772/383 391/773/379 551/774/489
f 556/775/490 396/776/436 395/777/390 555/778/491
f 558/779/492 398/780/394 397/781/393 557/782/493
f 349/578/351 348/783/416 381/784/494 382/579/352
f 348/783/416 347/785/418 380/786/495 381/784/494
f 347/787/418 346/788/420 379/789/496 380/790/495
f 346/788/420 345/791/422 378/792/497 379/789/496
f 345/791/422 344/793/424 377/794/498 378/792/497
f 344/793/424 343/795/426 376/796/499 377/794/498
f 343/795/426 342/797/428 375/798/500 376/796/499
f 342/797/428 341/799/430 374/800/501 375/798/500
f 341/799/430 340/801/432 373/802/502 374/800/501
f 340/801/432 339/803/433 372/804/485 373/802/502
f 369/805/398 368/806/397 401/807/503 370/808/504
f 338/809/434 369/805/398 370/808/504 371/810/486
f 368/806/397 367/811/400 400/812/505 401/807/503
f 320/813/325 483/814/506 482/712/442 319/711/326
f 339/803/433 338/809/434 371/810/486 372/804/485
f 367/811/400 366/815/402 399/816/507 400/812/505
f 321/706/323 484/705/437 483/814/506 320/813/325
f 359/620/382 358/615/378 391/616/379 392/621/383
f 366/815/402 365/631/391 398/634/394 399/816/507
f 124/817/100 133/818/124 402/819/508
f 133/818/124 132/820/229 402/819/508
f 132/820/229 131/821/121 402/819/508
f 131/821/121 130/822/117 402/819/508
f 130/822/117 129/823/114 402/819/508
f 129/823/114 128/824/111 402/819/508
f 128/824/111 127/825/108 402/819/508
f 127/825/108 126/826/106 402/819/508
f 126/826/106 125/827/102 402/819/508
f 125/827/102 124/817/100 402/819/508
f 135/532/283 134/828/231 434/829/395 403/533/343
f 137/830/279 136/531/281 404/530/342 405/831/431
f 138/832/277 137/830/279 405/831/431 406/833/429
f 139/834/275 138/832/277 406/833/429 407/835/427
f 140/836/273 139/834/275 407/835/427 408/837/425
f 141/838/271 140/836/273 408/837/425 409/839/423
f 142/840/269 141/838/271 409/839/423 410/841/421
f 143/842/267 142/840/269 410/841/421 411/843/419
f 144/844/265 143/842/267 411/843/419 412/845/417
f 145/846/263 144/847/265 412/848/417 413/849/415
f 146/850/261 145/846/263 413/849/415 414/851/414
f 147/852/259 146/850/261 414/851/414 415/853/413
f 148/854/257 147/852/259 415/853/413 416/855/412
f 149/856/255 148/854/257 416/855/412 417/857/411
f 150/858/253 149/856/255 417/857/411 418/859/410
f 151/860/252 150/858/253 418/859/410 419/861/409
f 152/862/251 151/860/252 419/861/409 420/863/408
f 153/864/250 152/862/251 420/863/408 421/865/407
f 154/866/249 153/864/250 421/865/407 422/867/406
f 155/486/248 154/866/249 422/867/406 423/487/316
f 157/868/245 156/485/247 424/484/315 425/869/405
f 158/870/243 157/868/245 425/869/405 426/871/404
f 159/474/241 158/870/243 426/871/404 427/475/309
f 161/466/237 160/473/239 428/472/308 429/467/304
f 163/872/233 162/465/235 430/464/303 431/873/401
f 164/874/232 163/872/233 431/873/401 432/875/399
f 165/876/230 164/874/232 432/875/399 433/877/396
f 134/828/231 165/876/230 433/877/396 434/829/395
f 339/698/433 404/697/342 403/699/343 338/700/434
f 359/656/382 424/655/315 423/657/316 358/660/378
f 363/647/403 428/646/308 427/649/309 362/652/389
f 365/644/391 430/643/303 429/645/304 364/648/392
f 438/878/509 437/879/510 501/880/511 502/881/512
f 437/879/510 436/763/480 500/766/483 501/880/511
f 562/882/513 561/883/514 466/884/478 435/885/481
f 561/883/514 560/886/515 465/887/476 466/884/478
f 560/886/515 559/888/516 464/889/469 465/887/476
f 559/888/516 558/890/492 463/891/470 464/889/469
f 557/892/493 556/893/490 461/894/465 462/895/464
f 555/896/491 554/897/517 459/898/458 460/899/461
f 554/897/517 553/900/518 458/901/453 459/898/458
f 553/900/518 552/902/488 457/903/454 458/901/453
f 551/904/489 550/905/519 455/906/447 456/907/450
f 550/905/519 549/908/520 454/909/444 455/906/447
f 549/908/520 548/910/521 453/911/438 454/909/444
f 548/910/521 547/912/522 452/913/439 453/911/438
f 547/912/522 546/914/523 451/915/524 452/913/439
f 546/914/523 545/916/525 450/917/526 451/915/524
f 545/916/525 544/918/527 449/919/528 450/917/526
f 544/918/527 543/920/529 448/921/530 449/919/528
f 543/920/529 542/922/531 447/923/532 448/921/530
f 542/922/531 541/924/533 446/925/534 447/923/532
f 541/924/533 540/926/535 445/927/536 446/925/534
f 540/928/535 539/929/537 444/930/538 445/931/536
f 539/929/537 538/932/539 443/933/540 444/930/538
f 538/932/539 537/934/541 442/935/542 443/933/540
f 537/934/541 536/936/543 441/937/544 442/935/542
f 536/936/543 535/938/545 440/939/546 441/937/544
f 535/938/545 534/940/547 439/941/548 440/939/546
f 534/940/547 533/942/549 438/943/509 439/941/548
f 533/942/549 532/944/484 437/945/510 438/943/509
f 531/946/487 562/882/513 435/885/481 436/947/480
f 500/948/483 467/949/482 468/950/474 469/951/358
f 502/952/512 501/953/511 470/954/354 471/955/347
f 503/956/550 502/952/512 471/955/347 472/957/346
f 504/958/551 503/956/550 472/957/346 473/959/473
f 505/960/552 504/958/551 473/959/473 474/961/468
f 506/962/553 505/960/552 474/961/468 475/963/463
f 507/964/554 506/962/553 475/963/463 476/965/460
f 508/966/555 507/964/554 476/965/460 477/967/457
f 509/968/556 508/966/555 477/967/457 478/969/452
f 510/970/557 509/971/556 478/972/452 479/973/449
f 511/974/558 510/970/557 479/973/449 480/975/446
f 512/976/559 511/974/558 480/975/446 481/977/443
f 513/978/560 512/976/559 481/977/443 482/979/442
f 514/980/561 513/978/560 482/979/442 483/981/506
f 515/982/562 514/980/561 483/981/506 484/983/437
f 516/984/440 515/982/562 484/983/437 485/985/435
f 517/986/441 516/984/440 485/985/435 486/987/388
f 518/988/445 517/986/441 486/987/388 487/989/385
f 519/990/448 518/988/445 487/989/385 488/991/380
f 520/992/451 519/990/448 488/991/380 489/993/377
f 522/994/456 521/995/455 490/996/374 491/997/371
f 523/998/459 522/994/456 491/997/371 492/999/368
f 524/1000/462 523/998/459 492/999/368 493/1001/365
f 526/1002/467 525/1003/466 494/1004/362 495/1005/359
f 528/1006/472 527/1007/471 496/1008/355 497/1009/349
f 529/1010/477 528/1006/472 497/1009/349 498/1011/348
f 530/1012/479 529/1010/477 498/1011/348 499/1013/475
f 467/949/482 530/1012/479 499/1013/475 468/950/474
f 496/1008/355 527/1007/471 526/1002/467 495/1005/359
f 494/1004/362 525/1003/466 524/1000/462 493/1001/365
f 490/996/374 521/995/455 520/992/451 489/993/377
f 470/954/354 501/953/511 500/948/483 469/951/358
f 452/708/439 451/1014/524 515/1015/562 516/709/440
f 451/1014/524 450/1016/526 514/1017/561 515/1015/562
f 450/1016/526 449/1018/528 513/1019/560 514/1017/561
f 449/1018/528 448/1020/530 512/1021/559 513/1019/560
f 448/1020/530 447/1022/532 511/1023/558 512/1021/559
f 447/1022/532 446/1024/534 510/1025/557 511/1023/558
f 446/1024/534 445/1026/536 509/1027/556 510/1025/557
f 445/1026/536 444/1028/538 508/1029/555 509/1027/556
f 444/1028/538 443/1030/540 507/1031/554 508/1029/555
f 443/1030/540 442/1032/542 506/1033/553 507/1031/554
f 442/1032/542 441/1034/544 505/1035/552 506/1033/553
f 463/750/470 462/743/464 526/746/467 527/751/471
f 441/1034/544 440/1036/546 504/1037/551 505/1035/552
f 461/744/465 460/739/461 524/740/462 525/745/466
f 440/1036/546 439/1038/548 503/1039/550 504/1037/551
f 457/728/454 456/723/450 520/724/451 521/729/455
f 439/1038/548 438/878/509 502/881/512 503/1039/550
f 306/588/344 469/587/358 468/757/474 337/756/297
f 371/769/486 370/1040/504 562/1041/513 531/770/487
f 373/1042/502 372/768/485 532/767/484 533/1043/549
f 374/1044/501 373/1042/502 533/1043/549 534/1045/547
f 375/1046/500 374/1044/501 534/1045/547 535/1047/545
f 376/1048/499 375/1046/500 535/1047/545 536/1049/543
f 377/1050/498 376/1048/499 536/1049/543 537/1051/541
f 378/1052/497 377/1050/498 537/1051/541 538/1053/539
f 379/1054/496 378/1052/497 538/1053/539 539/1055/537
f 380/1056/495 379/1054/496 539/1055/537 540/1057/535
f 381/1058/494 380/1059/495 540/1060/535 541/1061/533
f 382/1062/352 381/1058/494 541/1061/533 542/1063/531
f 383/1064/353 382/1062/352 542/1063/531 543/1065/529
f 384/1066/357 383/1064/353 543/1065/529 544/1067/527
f 385/1068/361 384/1066/357 544/1067/527 545/1069/525
f 386/1070/364 385/1068/361 545/1069/525 546/1071/523
f 387/1072/367 386/1070/364 546/1071/523 547/1073/522
f 388/1074/370 387/1072/367 547/1073/522 548/1075/521
f 389/1076/373 388/1074/370 548/1075/521 549/1077/520
f 390/1078/376 389/1076/373 549/1077/520 550/1079/519
f 391/773/379 390/1078/376 550/1079/519 551/774/489
f 393/1080/384 392/772/383 552/771/488 553/1081/518
f 394/1082/387 393/1080/384 553/1081/518 554/1083/517
f 395/777/390 394/1082/387 554/1083/517 555/778/491
f 397/781/393 396/776/436 556/775/490 557/782/493
f 399/1084/507 398/780/394 558/779/492 559/1085/516
f 400/1086/505 399/1084/507 559/1085/516 560/1087/515
f 401/1088/503 400/1086/505 560/1087/515 561/1089/514
f 370/1040/504 401/1088/503 561/1089/514 562/1041/513
f 463/891/470 558/890/492 557/892/493 462/895/464
f 461/894/465 556/893/490 555/896/491 460/899/461
f 457/903/454 552/902/488 551/904/489 456/907/450
f 437/945/510 532/944/484 531/946/487 436/947/480
f 687/1090/563 690/1091/564 565/1092/565 564/1093/566
f 572/1094/567 702/1095/568 706/1096/569 568/1097/570
f 576/1098/571 785/1099/572 702/1095/568 572/1094/567
f 714/1100/573 785/1099/572 576/1098/571 580/1101/574
f 725/1102/575 714/1100/573 580/1101/574 584/1103/576
f 588/1104/577 789/1105/578 725/1102/575 584/1103/576
f 592/1106/579 782/1107/580 789/1105/578 588/1104/577
f 762/1108/581 782/1107/580 592/1106/579 596/1109/582
f 750/1110/583 762/1108/581 596/1109/582 600/1111/584
f 757/1112/585 750/1110/583 600/1111/584 604/1113/586
f 813/1114/587 757/1112/585 604/1113/586 608/1115/588
f 612/1116/589 754/1117/590 813/1114/587 608/1115/588
f 718/1118/591 754/1117/590 612/1116/589 616/1119/592
f 721/1120/593 718/1118/591 616/1119/592 620/1121/594
f 624/1122/595 729/1123/596 721/1120/593 620/1121/594
f 628/1124/597 773/1125/598 729/1123/596 624/1122/595
f 632/1126/599 810/1127/600 773/1125/598 628/1124/597
f 734/1128/601 810/1127/600 632/1126/599 636/1129/602
f 745/1130/603 734/1128/601 636/1129/602 640/1131/604
f 805/1132/605 745/1130/603 640/1131/604 644/1133/606
f 648/1134/607 798/1135/608 805/1132/605 644/1133/606
f 794/1136/609 798/1135/608 648/1134/607 652/1137/610
f 801/1138/611 794/1136/609 652/1137/610 656/1139/612
f 738/1140/613 801/1138/611 656/1139/612 660/1141/614
f 710/1142/615 738/1140/613 660/1141/614 664/1143/616
f 694/1144/617 710/1142/615 664/1143/616 668/1145/618
f 697/1146/619 694/1144/617 668/1145/618 672/1147/620
f 676/1148/621 766/1149/622 697/1146/619 672/1147/620
f 769/1150/623 766/1149/622 676/1148/621 680/1151/624
f 741/1152/625 769/1150/623 680/1151/624 684/1153/626
f 818/1154/627 741/1152/625 684/1153/626 688/1155/628
f 778/1156/629 818/1154/627 688/1155/628 563/1157/630
f 607/1158/631 610/1159/632 614/1160/633 611/1161/634
f 758/1162/635 755/1163/636 747/1164/637 749/1165/638
f 814/1166/639 812/1167/640 755/1163/636 758/1162/635
f 761/1168/641 760/1169/642 779/1170/643 781/1171/644
f 713/1172/645 711/1173/646 784/1174/647 786/1175/648
f 793/1176/649 791/1177/650 796/1178/651 797/1179/652
f 770/1180/653 768/1181/654 764/1182/655 765/1183/656
f 722/1184/657 719/1185/658 716/1186/659 717/1187/660
f 781/1171/644 779/1170/643 788/1188/661 790/1189/662
f 777/1190/663 776/1191/664 816/1192/665 817/1193/666
f 693/1194/667 692/1195/668 708/1196/669 709/1197/670
f 746/1198/671 743/1199/672 732/1200/673 733/1201/674
f 806/1202/675 804/1203/676 743/1199/672 746/1198/671
f 726/1204/677 723/1205/678 711/1173/646 713/1172/645
f 733/1201/674 732/1200/673 807/1206/679 809/1207/680
f 575/1208/681 578/1209/682 582/1210/683 579/1211/684
f 705/1212/685 704/1213/686 776/1191/664 777/1190/663
f 730/1214/687 727/1215/688 719/1185/658 722/1184/657
f 809/1207/680 807/1206/679 771/1216/689 774/1217/690
f 765/1183/656 764/1182/655 695/1218/691 698/1219/692
f 717/1187/660 716/1186/659 752/1220/693 753/1221/694
f 749/1165/638 747/1164/637 760/1169/642 761/1168/641
f 802/1222/695 800/1223/696 791/1177/650 793/1176/649
f 709/1197/670 708/1196/669 735/1224/697 737/1225/698
f 774/1226/690 771/1227/689 727/1215/688 730/1214/687
f 742/1228/699 739/1229/700 768/1181/654 770/1180/653
f 753/1221/694 752/1220/693 812/1167/640 814/1166/639
f 737/1225/698 735/1224/697 800/1223/696 802/1222/695
f 817/1193/666 816/1192/665 739/1229/700 742/1228/699
f 786/1175/648 784/1174/647 699/1230/701 701/1231/702
f 790/1189/662 788/1188/661 723/1205/678 726/1204/677
f 797/1179/652 796/1178/651 804/1203/676 806/1202/675
f 701/1231/702 699/1230/701 704/1213/686 705/1212/685
f 643/1232/703 646/1233/704 650/1234/705 647/1235/706
f 629/1236/707 772/1237/708 808/1238/709 633/1239/710
f 696/1240/711 763/1241/712 677/1242/713 673/1243/714
f 715/1244/715 720/1245/716 621/1246/717 617/1247/718
f 625/1248/719 728/1249/720 772/1250/708 629/1251/707
f 609/1252/721 811/1253/722 751/1254/723 613/1255/724
f 731/1256/725 744/1257/726 641/1258/727 637/1259/728
f 748/1260/729 756/1261/730 605/1262/731 601/1263/732
f 633/1239/710 808/1238/709 731/1256/725 637/1259/728
f 751/1254/723 715/1244/715 617/1247/718 613/1255/724
f 795/1264/733 792/1265/734 653/1266/735 649/1267/736
f 564/1093/566 565/1092/565 570/1268/737 567/1269/738
f 759/1270/739 748/1260/729 601/1263/732 597/1271/740
f 744/1257/726 803/1272/741 645/1273/742 641/1258/727
f 645/1273/742 803/1272/741 795/1264/733 649/1267/736
f 799/1274/743 736/1275/744 661/1276/745 657/1277/746
f 663/1278/747 666/1279/748 670/1280/749 667/1281/750
f 792/1265/734 799/1274/743 657/1277/746 653/1266/735
f 720/1245/716 728/1249/720 625/1248/719 621/1246/717
f 677/1242/713 763/1241/712 767/1282/751 681/1283/752
f 615/1284/753 618/1285/754 622/1286/755 619/1287/756
f 569/1288/757 703/1289/758 700/1290/759 573/1291/760
f 665/1292/761 707/1293/762 691/1294/763 669/1295/764
f 651/1296/765 654/1297/766 658/1298/767 655/1299/768
f 767/1282/751 740/1300/769 685/1301/770 681/1283/752
f 611/1161/634 614/1160/633 618/1285/754 615/1284/753
f 691/1294/763 696/1240/711 673/1243/714 669/1295/764
f 627/1302/771 630/1303/772 634/1304/773 631/1305/774
f 724/1306/775 787/1307/776 589/1308/777 585/1309/778
f 661/1276/745 736/1275/744 707/1293/762 665/1292/761
f 597/1271/740 593/1310/779 780/1311/780 759/1270/739
f 581/1312/781 712/1313/782 724/1306/775 585/1309/778
f 756/1261/730 811/1253/722 609/1252/721 605/1262/731
f 700/1290/759 783/1314/783 577/1315/784 573/1291/760
f 655/1299/768 658/1298/767 662/1316/785 659/1317/786
f 783/1314/783 712/1313/782 581/1312/781 577/1315/784
f 740/1300/769 815/1318/787 689/1319/788 685/1301/770
f 787/1307/776 780/1311/780 593/1310/779 589/1308/777
f 631/1305/774 634/1304/773 638/1320/789 635/1321/790
f 639/1322/791 642/1323/792 646/1233/704 643/1232/703
f 647/1235/706 650/1234/705 654/1297/766 651/1296/765
f 623/1324/793 626/1325/794 630/1326/772 627/1327/771
f 659/1317/786 662/1316/785 666/1279/748 663/1278/747
f 587/1328/795 590/1329/796 594/1330/797 591/1331/798
f 635/1321/790 638/1320/789 642/1323/792 639/1322/791
f 566/1332/799 775/1333/800 703/1289/758 569/1288/757
f 603/1334/801 606/1335/802 610/1159/632 607/1158/631
f 599/1336/803 602/1337/804 606/1335/802 603/1334/801
f 671/1338/805 674/1339/806 678/1340/807 675/1341/808
f 667/1281/750 670/1280/749 674/1339/806 671/1338/805
f 675/1341/808 678/1340/807 682/1342/809 679/1343/810
f 679/1343/810 682/1342/809 686/1344/811 683/1345/812
f 571/1346/813 574/1347/814 578/1209/682 575/1208/681
f 815/1318/787 775/1333/800 566/1332/799 689/1319/788
f 683/1345/812 686/1344/811 690/1091/564 687/1090/563
f 583/1348/815 586/1349/816 590/1329/796 587/1328/795
f 619/1287/756 622/1286/755 626/1325/794 623/1324/793
f 595/1350/817 598/1351/818 602/1337/804 599/1336/803
f 579/1211/684 582/1210/683 586/1349/816 583/1348/815
f 591/1331/798 594/1330/797 598/1351/818 595/1350/817
f 698/1219/692 695/1218/691 692/1195/668 693/1194/667
f 567/1269/738 570/1268/737 574/1347/814 571/1346/813
f 564/1352/566 567/1353/738 568/1354/570 563/1355/630
f 570/1356/737 565/1357/565 566/1358/799 569/1359/757
f 567/1353/738 571/1360/813 572/1361/567 568/1354/570
f 574/1362/814 570/1356/737 569/1359/757 573/1363/760
f 571/1360/813 575/1364/681 576/1365/571 572/1361/567
f 578/1366/682 574/1362/814 573/1363/760 577/1367/784
f 575/1364/681 579/1368/684 580/1369/574 576/1365/571
f 582/1370/683 578/1366/682 577/1367/784 581/1371/781
f 579/1368/684 583/1372/815 584/1373/576 580/1369/574
f 586/1374/816 582/1370/683 581/1371/781 585/1375/778
f 583/1372/815 587/1376/795 588/1377/577 584/1373/576
f 590/1378/796 586/1374/816 585/1375/778 589/1379/777
f 587/1376/795 591/1380/798 592/1381/579 588/1377/577
f 594/1382/797 590/1378/796 589/1379/777 593/1383/779
f 591/1380/798 595/1384/817 596/1385/582 592/1381/579
f 598/1386/818 594/1382/797 593/1383/779 597/1387/740
f 595/1384/817 599/1388/803 600/1389/584 596/1385/582
f 602/1390/804 598/1386/818 597/1387/740 601/1391/732
f 599/1388/803 603/1392/801 604/1393/586 600/1389/584
f 606/1394/802 602/1390/804 601/1391/732 605/1395/731
f 603/1392/801 607/1396/631 608/1397/588 604/1393/586
f 610/1398/632 606/1394/802 605/1395/731 609/1399/721
f 607/1396/631 611/1400/634 612/1401/589 608/1397/588
f 614/1402/633 610/1398/632 609/1399/721 613/1403/724
f 611/1400/634 615/1404/753 616/1405/592 612/1401/589
f 618/1406/754 614/1402/633 613/1403/724 617/1407/718
f 615/1404/753 619/1408/756 620/1409/594 616/1405/592
f 622/1410/755 618/1406/754 617/1407/718 621/1411/717
f 619/1408/756 623/1412/793 624/1413/595 620/1409/594
f 626/1414/794 622/1410/755 621/1411/717 625/1415/719
f 623/1412/793 627/1416/771 628/1417/597 624/1413/595
f 630/1418/772 626/1414/794 625/1415/719 629/1419/707
f 627/1420/771 631/1421/774 632/1422/599 628/1423/597
f 634/1424/773 630/1425/772 629/1426/707 633/1427/710
f 631/1421/774 635/1428/790 636/1429/602 632/1422/599
f 638/1430/789 634/1424/773 633/1427/710 637/1431/728
f 635/1428/790 639/1432/791 640/1433/604 636/1429/602
f 642/1434/792 638/1430/789 637/1431/728 641/1435/727
f 639/1432/791 643/1436/703 644/1437/606 640/1433/604
f 646/1438/704 642/1434/792 641/1435/727 645/1439/742
f 643/1436/703 647/1440/706 648/1441/607 644/1437/606
f 650/1442/705 646/1438/704 645/1439/742 649/1443/736
f 647/1440/706 651/1444/765 652/1445/610 648/1441/607
f 654/1446/766 650/1442/705 649/1443/736 653/1447/735
f 651/1444/765 655/1448/768 656/1449/612 652/1445/610
f 658/1450/767 654/1446/766 653/1447/735 657/1451/746
f 655/1448/768 659/1452/786 660/1453/614 656/1449/612
f 662/1454/785 658/1450/767 657/1451/746 661/1455/745
f 659/1452/786 663/1456/747 664/1457/616 660/1453/614
f 666/1458/748 662/1454/785 661/1455/745 665/1459/761
f 663/1456/747 667/1460/750 668/1461/618 664/1457/616
f 670/1462/749 666/1458/748 665/1459/761 669/1463/764
f 667/1460/750 671/1464/805 672/1465/620 668/1461/618
f 674/1466/806 670/1462/749 669/1463/764 673/1467/714
f 671/1464/805 675/1468/808 676/1469/621 672/1465/620
f 678/1470/807 674/1466/806 673/1467/714 677/1471/713
f 675/1468/808 679/1472/810 680/1473/624 676/1469/621
f 682/1474/809 678/1470/807 677/1471/713 681/1475/752
f 679/1472/810 683/1476/812 684/1477/626 680/1473/624
f 686/1478/811 682/1474/809 681/1475/752 685/1479/770
f 683/1476/812 687/1480/563 688/1481/628 684/1477/626
f 690/1482/564 686/1478/811 685/1479/770 689/1483/788
f 687/1480/563 564/1352/566 563/1355/630 688/1481/628
f 565/1357/565 690/1482/564 689/1483/788 566/1358/799
f 694/1484/617 697/1485/619 698/1486/692 693/1487/667
f 696/1488/711 691/1489/763 692/1490/668 695/1491/691
f 702/1492/568 785/1493/572 786/1494/648 701/1495/702
f 700/1496/759 703/1497/758 704/1498/686 699/1499/701
f 691/1489/763 707/1500/762 708/1501/669 692/1490/668
f 706/1502/569 702/1492/568 701/1495/702 705/1503/685
f 710/1504/615 694/1484/617 693/1487/667 709/1505/670
f 703/1497/758 775/1506/800 776/1507/664 704/1498/686
f 714/1508/573 725/1509/575 726/1510/677 713/1511/645
f 712/1512/782 783/1513/783 784/1514/647 711/1515/646
f 718/1516/591 721/1517/593 722/1518/657 717/1519/660
f 720/1520/716 715/1521/715 716/1522/659 719/1523/658
f 724/1524/775 712/1512/782 711/1515/646 723/1525/678
f 721/1517/593 729/1526/596 730/1527/687 722/1518/657
f 725/1509/575 789/1528/578 790/1529/662 726/1510/677
f 728/1530/720 720/1520/716 719/1523/658 727/1531/688
f 734/1532/601 745/1533/603 746/1534/671 733/1535/674
f 736/1536/744 799/1537/743 800/1538/696 735/1539/697
f 740/1540/769 767/1541/751 768/1542/654 739/1543/700
f 744/1544/726 731/1545/725 732/1546/673 743/1547/672
f 707/1500/762 736/1536/744 735/1539/697 708/1501/669
f 745/1533/603 805/1548/605 806/1549/675 746/1534/671
f 738/1550/613 710/1504/615 709/1505/670 737/1551/698
f 750/1552/583 757/1553/585 758/1554/635 749/1555/638
f 748/1556/729 759/1557/739 760/1558/642 747/1559/637
f 762/1560/581 750/1552/583 749/1555/638 761/1561/641
f 715/1521/715 751/1562/723 752/1563/693 716/1522/659
f 754/1564/590 718/1516/591 717/1519/660 753/1565/694
f 756/1566/730 748/1556/729 747/1559/637 755/1567/636
f 751/1562/723 811/1568/722 812/1569/640 752/1563/693
f 757/1553/585 813/1570/587 814/1571/639 758/1554/635
f 766/1572/622 769/1573/623 770/1574/653 765/1575/656
f 767/1541/751 763/1576/712 764/1577/655 768/1542/654
f 772/1578/708 728/1530/720 727/1531/688 771/1579/689
f 763/1576/712 696/1488/711 695/1491/691 764/1577/655
f 778/1580/629 706/1502/569 705/1503/685 777/1581/663
f 697/1485/619 766/1572/622 765/1575/656 698/1486/692
f 769/1573/623 741/1582/625 742/1583/699 770/1574/653
f 782/1584/580 762/1560/581 761/1561/641 781/1585/644
f 780/1586/780 787/1587/776 788/1588/661 779/1589/643
f 785/1493/572 714/1508/573 713/1511/645 786/1494/648
f 783/1513/783 700/1496/759 699/1499/701 784/1514/647
f 759/1557/739 780/1586/780 779/1589/643 760/1558/642
f 787/1587/776 724/1524/775 723/1525/678 788/1588/661
f 729/1526/596 773/1590/598 774/1591/690 730/1527/687
f 789/1528/578 782/1584/580 781/1585/644 790/1529/662
f 794/1592/609 801/1593/611 802/1594/695 793/1595/649
f 792/1596/734 795/1597/733 796/1598/651 791/1599/650
f 798/1600/608 794/1592/609 793/1595/649 797/1601/652
f 795/1597/733 803/1602/741 804/1603/676 796/1598/651
f 799/1537/743 792/1596/734 791/1599/650 800/1538/696
f 803/1602/741 744/1544/726 743/1547/672 804/1603/676
f 801/1593/611 738/1550/613 737/1551/698 802/1594/695
f 810/1604/600 734/1532/601 733/1535/674 809/1605/680
f 808/1606/709 772/1607/708 771/1608/689 807/1609/679
f 773/1610/598 810/1604/600 809/1605/680 774/1611/690
f 805/1548/605 798/1600/608 797/1601/652 806/1549/675
f 731/1545/725 808/1606/709 807/1609/679 732/1546/673
f 811/1568/722 756/1566/730 755/1567/636 812/1569/640
f 775/1506/800 815/1612/787 816/1613/665 776/1507/664
f 818/1614/627 778/1580/629 777/1581/663 817/1615/666
f 815/1612/787 740/1540/769 739/1543/700 816/1613/665
f 741/1582/625 818/1614/627 817/1615/666 742/1583/699
f 813/1570/587 754/1564/590 753/1565/694 814/1571/639
f 568/1097/570 706/1096/569 778/1156/629 563/1157/630
